run_time,match_url,event_name,region,tier_detail,team1,team2,team1_norm,team2_norm,Of,Ou,p_fair,decision,stake,flag_p_fair_low,flag_p_fair_high,flag_of_min,flag_even_odds,flag_kickoff_cap
2026-02-18 00:52:27,/295605/nrg-esports-vs-furia-champions-tour-2024-americas-kickoff-opening-a,Champions Tour 2024: Americas Kickoff,Americas,International,Nrg Esports,Furia Champions Tour 2024 Amer,nrg esports,furia,1.1,7.1,0.866,skip,1.0,False,True,True,False,False
2026-02-18 00:52:27,/295606/cloud9-vs-mibr-champions-tour-2024-americas-kickoff-opening-a,Champions Tour 2024: Americas Kickoff,Americas,International,Cloud9,Mibr Champions Tour 2024 Ameri,cloud9,mibr,1.17,5.12,0.814,skip,1.0,False,True,True,False,False
2026-02-18 00:52:27,/295615/kr-esports-vs-g2-esports-champions-tour-2024-americas-kickoff-opening-c,Champions Tour 2024: Americas Kickoff,Americas,International,Kr Esports,G2 Esports Champions Tour 2024,kr esports,g2 esports,1.32,3.42,0.722,skip,1.0,False,True,True,False,False
2026-02-18 00:52:27,/295608/furia-vs-mibr-champions-tour-2024-americas-kickoff-elim-a,Champions Tour 2024: Americas Kickoff,Americas,International,Furia,Mibr Champions Tour 2024 Ameri,furia,mibr,1.58,2.4,0.603,bet_fav,1.0,False,False,False,False,False
2026-02-18 00:52:27,/295613/sentinels-vs-100-thieves-champions-tour-2024-americas-kickoff-elim-b,Champions Tour 2024: Americas Kickoff,Americas,International,Sentinels,100 Thieves Champions Tour 202,sentinels,100 thieves,1.38,3.07,0.69,bet_fav,1.0,False,False,False,False,False
2026-02-18 00:52:27,/295607/nrg-esports-vs-cloud9-champions-tour-2024-americas-kickoff-winners-a,Champions Tour 2024: Americas Kickoff,Americas,International,Nrg Esports,Cloud9 Champions Tour 2024 Ame,nrg esports,cloud9,1.22,4.34,0.781,skip,1.0,False,True,True,False,False
2026-02-18 00:52:27,/295617/g2-esports-vs-evil-geniuses-champions-tour-2024-americas-kickoff-winners-c,Champions Tour 2024: Americas Kickoff,Americas,International,G2 Esports,Evil Geniuses Champions Tour 2,g2 esports,evil geniuses,1.35,3.23,0.705,skip,1.0,False,True,False,False,False
2026-02-18 00:52:27,/295614/leviat-n-vs-sentinels-champions-tour-2024-americas-kickoff-decider-b,Champions Tour 2024: Americas Kickoff,Americas,International,Leviat N,Sentinels Champions Tour 2024 ,leviat n,sentinels,1.86,1.95,0.512,skip,1.0,True,False,False,False,False
2026-02-18 00:52:27,/307572/mibr-vs-sentinels-champions-tour-2024-americas-kickoff-play-ins,Champions Tour 2024: Americas Kickoff,Americas,International,Mibr,Sentinels Champions Tour 2024 ,mibr,sentinels,1.22,4.34,0.781,skip,1.0,False,True,True,False,False
2026-02-18 00:52:27,/307573/g2-esports-vs-mibr-champions-tour-2024-americas-kickoff-play-ins,Champions Tour 2024: Americas Kickoff,Americas,International,G2 Esports,Mibr Champions Tour 2024 Ameri,g2 esports,mibr,1.5,2.61,0.635,bet_fav,1.0,False,False,False,False,False
2026-02-18 00:52:27,/303087/evil-geniuses-vs-loud-champions-tour-2024-americas-kickoff-sf,Champions Tour 2024: Americas Kickoff,Americas,International,Evil Geniuses,Loud Champions Tour 2024 Ameri,evil geniuses,loud,1.15,5.54,0.828,skip,1.0,False,True,True,False,False
2026-02-18 00:52:27,/303088/nrg-esports-vs-sentinels-champions-tour-2024-americas-kickoff-sf,Champions Tour 2024: Americas Kickoff,Americas,International,Nrg Esports,Sentinels Champions Tour 2024 ,nrg esports,sentinels,1.54,2.5,0.619,bet_fav,1.0,False,False,False,False,False
2026-02-18 00:52:27,/303086/loud-vs-sentinels-champions-tour-2024-americas-kickoff-gf,Champions Tour 2024: Americas Kickoff,Americas,International,Loud,Sentinels Champions Tour 2024 ,loud,sentinels,1.78,2.05,0.535,skip,1.0,True,False,False,False,False
2026-02-18 00:52:27,/298687/trace-esports-vs-tyloo-champions-tour-2024-china-kickoff-opening-a,Champions Tour 2024: China Kickoff,China,International,Trace Esports,Tyloo Champions Tour 2024 Chin,trace esports,tyloo,1.62,2.31,0.588,bet_fav,1.0,False,False,False,False,False
2026-02-18 00:52:27,/298688/funplus-phoenix-vs-nova-esports-champions-tour-2024-china-kickoff-opening-a,Champions Tour 2024: China Kickoff,China,International,Funplus Phoenix,Nova Esports Champions Tour 20,funplus phoenix,nova esports,1.12,6.36,0.85,skip,1.0,False,True,True,False,False
2026-02-18 00:52:27,/298692/jd-gaming-vs-titan-esports-club-champions-tour-2024-china-kickoff-opening-b,Champions Tour 2024: China Kickoff,China,International,Jd Gaming,Titan Esports Club Champions T,jd gaming,titan esports club,1.37,3.1,0.694,bet_fav,1.0,False,False,False,False,False
2026-02-18 00:52:27,/298690/tyloo-vs-nova-esports-champions-tour-2024-china-kickoff-elim-a,Champions Tour 2024: China Kickoff,China,International,Tyloo,Nova Esports Champions Tour 20,tyloo,nova esports,1.44,2.8,0.66,bet_fav,1.0,False,False,False,False,False
2026-02-18 00:52:27,/298694/titan-esports-club-vs-dragon-ranger-gaming-champions-tour-2024-china-kickoff-winners-b,Champions Tour 2024: China Kickoff,China,International,Titan Esports Club,Dragon Ranger Gaming Champions,titan esports club,dragon ranger gaming,1.65,2.25,0.577,bet_fav,1.0,False,False,False,False,False
2026-02-18 00:52:27,/298698/wolves-esports-vs-edward-gaming-champions-tour-2024-china-kickoff-winners-c,Champions Tour 2024: China Kickoff,China,International,Wolves Esports,Edward Gaming Champions Tour 2,wolves esports,edward gaming,1.04,11.3,0.916,skip,1.0,False,True,True,False,False
2026-02-18 00:52:27,/298691/trace-esports-vs-nova-esports-champions-tour-2024-china-kickoff-decider-a,Champions Tour 2024: China Kickoff,China,International,Trace Esports,Nova Esports Champions Tour 20,trace esports,nova esports,1.12,6.36,0.85,skip,1.0,False,True,True,False,False
2026-02-18 00:52:27,/298696/titan-esports-club-vs-jd-gaming-champions-tour-2024-china-kickoff-decider-b,Champions Tour 2024: China Kickoff,China,International,Titan Esports Club,Jd Gaming Champions Tour 2024 ,titan esports club,jd gaming,1.74,2.1,0.547,skip,1.0,True,False,False,False,False
2026-02-18 00:52:27,/298830/trace-esports-vs-titan-esports-club-champions-tour-2024-china-kickoff-round-robin,Champions Tour 2024: China Kickoff,China,International,Trace Esports,Titan Esports Club Champions T,trace esports,titan esports club,1.38,3.07,0.69,bet_fav,1.0,False,False,False,False,False
2026-02-18 00:52:27,/298831/bilibili-gaming-vs-titan-esports-club-champions-tour-2024-china-kickoff-round-robin,Champions Tour 2024: China Kickoff,China,International,Bilibili Gaming,Titan Esports Club Champions T,bilibili gaming,titan esports club,1.48,2.67,0.643,bet_fav,1.0,False,False,False,False,False
2026-02-18 00:52:27,/298832/bilibili-gaming-vs-trace-esports-champions-tour-2024-china-kickoff-round-robin,Champions Tour 2024: China Kickoff,China,International,Bilibili Gaming,Trace Esports Champions Tour 2,bilibili gaming,trace esports,1.63,2.3,0.585,bet_fav,1.0,False,False,False,False,False
2026-02-18 00:52:27,/298835/funplus-phoenix-vs-edward-gaming-champions-tour-2024-china-kickoff-gf,Champions Tour 2024: China Kickoff,China,International,Funplus Phoenix,Edward Gaming Champions Tour 2,funplus phoenix,edward gaming,1.3,3.56,0.733,skip,1.0,False,True,True,False,False
2026-02-18 00:52:27,/353178/sentinels-vs-nrg-esports-champions-tour-2024-americas-stage-2-w1,Champions Tour 2024: Americas Stage 2,Americas,International,Sentinels,Nrg Esports Champions Tour 202,sentinels,nrg esports,1.5,2.61,0.635,bet_fav,1.0,False,False,False,False,False
2026-02-18 00:52:27,/353179/furia-vs-100-thieves-champions-tour-2024-americas-stage-2-w1,Champions Tour 2024: Americas Stage 2,Americas,International,Furia,100 Thieves Champions Tour 202,furia,100 thieves,1.12,6.3,0.849,skip,1.0,False,True,True,False,False
2026-02-18 00:52:27,/353181/g2-esports-vs-cloud9-champions-tour-2024-americas-stage-2-w1,Champions Tour 2024: Americas Stage 2,Americas,International,G2 Esports,Cloud9 Champions Tour 2024 Ame,g2 esports,cloud9,1.65,2.25,0.577,bet_fav,1.0,False,False,False,False,False
2026-02-18 00:52:27,/353183/sentinels-vs-kr-esports-champions-tour-2024-americas-stage-2-w2,Champions Tour 2024: Americas Stage 2,Americas,International,Sentinels,Kr Esports Champions Tour 2024,sentinels,kr esports,1.4,2.98,0.68,bet_fav,1.0,False,False,False,False,False
2026-02-18 00:52:27,/353184/loud-vs-mibr-champions-tour-2024-americas-stage-2-w2,Champions Tour 2024: Americas Stage 2,Americas,International,Loud,Mibr Champions Tour 2024 Ameri,loud,mibr,1.13,6.06,0.843,skip,1.0,False,True,True,False,False
2026-02-18 00:52:27,/353187/sentinels-vs-cloud9-champions-tour-2024-americas-stage-2-w2,Champions Tour 2024: Americas Stage 2,Americas,International,Sentinels,Cloud9 Champions Tour 2024 Ame,sentinels,cloud9,1.26,3.9,0.756,skip,1.0,False,True,True,False,False
2026-02-18 00:52:27,/353189/loud-vs-furia-champions-tour-2024-americas-stage-2-w2,Champions Tour 2024: Americas Stage 2,Americas,International,Loud,Furia Champions Tour 2024 Amer,loud,furia,1.27,3.8,0.75,skip,1.0,False,True,True,False,False
2026-02-18 00:52:27,/353190/mibr-vs-100-thieves-champions-tour-2024-americas-stage-2-w2,Champions Tour 2024: Americas Stage 2,Americas,International,Mibr,100 Thieves Champions Tour 202,mibr,100 thieves,1.17,5.12,0.814,skip,1.0,False,True,True,False,False
2026-02-18 00:52:27,/353191/nrg-esports-vs-kr-esports-champions-tour-2024-americas-stage-2-w2,Champions Tour 2024: Americas Stage 2,Americas,International,Nrg Esports,Kr Esports Champions Tour 2024,nrg esports,kr esports,1.63,2.3,0.585,bet_fav,1.0,False,False,False,False,False
2026-02-18 00:52:27,/353192/g2-esports-vs-kr-esports-champions-tour-2024-americas-stage-2-w3,Champions Tour 2024: Americas Stage 2,Americas,International,G2 Esports,Kr Esports Champions Tour 2024,g2 esports,kr esports,1.3,3.56,0.733,skip,1.0,False,True,True,False,False
2026-02-18 00:52:27,/353196/evil-geniuses-vs-100-thieves-champions-tour-2024-americas-stage-2-w3,Champions Tour 2024: Americas Stage 2,Americas,International,Evil Geniuses,100 Thieves Champions Tour 202,evil geniuses,100 thieves,1.72,2.13,0.553,bet_fav,1.0,False,False,False,False,False
2026-02-18 00:52:27,/353198/evil-geniuses-vs-mibr-champions-tour-2024-americas-stage-2-w4,Champions Tour 2024: Americas Stage 2,Americas,International,Evil Geniuses,Mibr Champions Tour 2024 Ameri,evil geniuses,mibr,1.18,5.0,0.809,skip,1.0,False,True,True,False,False
2026-02-18 00:52:27,/353200/loud-vs-100-thieves-champions-tour-2024-americas-stage-2-w4,Champions Tour 2024: Americas Stage 2,Americas,International,Loud,100 Thieves Champions Tour 202,loud,100 thieves,1.42,2.9,0.671,bet_fav,1.0,False,False,False,False,False
2026-02-18 00:52:27,/353201/sentinels-vs-g2-esports-champions-tour-2024-americas-stage-2-w4,Champions Tour 2024: Americas Stage 2,Americas,International,Sentinels,G2 Esports Champions Tour 2024,sentinels,g2 esports,1.74,2.1,0.547,skip,1.0,True,False,False,False,False
2026-02-18 00:52:27,/371267/sentinels-vs-100-thieves-champions-tour-2024-americas-stage-2-ko,Champions Tour 2024: Americas Stage 2,Americas,International,Sentinels,100 Thieves Champions Tour 202,sentinels,100 thieves,1.47,2.7,0.647,bet_fav,1.0,False,False,False,False,False
2026-02-18 00:52:27,/371269/g2-esports-vs-100-thieves-champions-tour-2024-americas-stage-2-ubsf,Champions Tour 2024: Americas Stage 2,Americas,International,G2 Esports,100 Thieves Champions Tour 202,g2 esports,100 thieves,1.89,1.92,0.504,skip,1.0,True,False,False,True,False
2026-02-18 00:52:27,/371270/leviat-n-vs-g2-esports-champions-tour-2024-americas-stage-2-ubf,Champions Tour 2024: Americas Stage 2,Americas,International,Leviat N,G2 Esports Champions Tour 2024,leviat n,g2 esports,1.54,2.5,0.619,bet_fav,1.0,False,False,False,False,False
2026-02-18 00:52:27,/378663/funplus-phoenix-vs-team-heretics-valorant-champions-2024-opening-b,Champions Tour 2024: China Stage 2,China,International,Funplus Phoenix,Team Heretics Valorant Champio,funplus phoenix,team heretics,1.25,4.0,0.762,skip,1.0,False,True,True,False,False
2026-02-18 00:52:27,/378657/drx-vs-kr-esports-valorant-champions-2024-opening-a,Champions Tour 2024: China Stage 2,China,International,Drx,Kr Esports Valorant Champions ,drx,kr esports,1.48,2.67,0.643,bet_fav,1.0,False,False,False,False,False
2026-02-18 00:52:27,/378656/fnatic-vs-bilibili-gaming-valorant-champions-2024-opening-a,Champions Tour 2024: China Stage 2,China,International,Fnatic,Bilibili Gaming Valorant Champ,fnatic,bilibili gaming,1.03,12.64,0.925,skip,1.0,False,True,True,False,False
2026-02-18 00:52:27,/378669/team-vitality-vs-trace-esports-valorant-champions-2024-opening-c,Champions Tour 2024: China Stage 2,China,International,Team Vitality,Trace Esports Valorant Champio,team vitality,trace esports,1.25,4.0,0.762,skip,1.0,False,True,True,False,False
2026-02-18 00:52:27,/378674/g2-esports-vs-paper-rex-valorant-champions-2024-opening-d,Champions Tour 2024: China Stage 2,China,International,G2 Esports,Paper Rex Valorant Champions 2,g2 esports,paper rex,1.85,1.96,0.514,skip,1.0,True,False,False,False,False
2026-02-18 00:52:27,/378664/gen-g-vs-team-heretics-valorant-champions-2024-winners-b,Champions Tour 2024: China Stage 2,China,International,Gen G,Team Heretics Valorant Champio,gen g,team heretics,1.32,3.4,0.72,skip,1.0,False,True,True,False,False
2026-02-18 00:52:27,/378658/fnatic-vs-drx-valorant-champions-2024-winners-a,Champions Tour 2024: China Stage 2,China,International,Fnatic,Drx Valorant Champions 2024 Wi,fnatic,drx,1.44,2.8,0.66,bet_fav,1.0,False,False,False,False,False
2026-02-18 00:52:27,/378670/leviat-n-vs-trace-esports-valorant-champions-2024-winners-c,Champions Tour 2024: China Stage 2,China,International,Leviat N,Trace Esports Valorant Champio,leviat n,trace esports,1.22,4.4,0.783,skip,1.0,False,True,True,False,False
2026-02-18 00:52:27,/378675/edward-gaming-vs-g2-esports-valorant-champions-2024-winners-d,Champions Tour 2024: China Stage 2,China,International,Edward Gaming,G2 Esports Valorant Champions ,edward gaming,g2 esports,1.42,2.89,0.671,bet_fav,1.0,False,False,False,False,False
2026-02-18 00:52:27,/378665/sentinels-vs-funplus-phoenix-valorant-champions-2024-elim-b,Champions Tour 2024: China Stage 2,China,International,Sentinels,Funplus Phoenix Valorant Champ,sentinels,funplus phoenix,1.65,2.25,0.577,bet_fav,1.0,False,False,False,False,False
2026-02-18 00:52:27,/378671/talon-esports-vs-team-vitality-valorant-champions-2024-elim-c,Champions Tour 2024: China Stage 2,China,International,Talon Esports,Team Vitality Valorant Champio,talon esports,team vitality,1.45,2.78,0.657,bet_fav,1.0,False,False,False,False,False
2026-02-18 00:52:27,/378676/fut-esports-vs-paper-rex-valorant-champions-2024-elim-d,Champions Tour 2024: China Stage 2,China,International,Fut Esports,Paper Rex Valorant Champions 2,fut esports,paper rex,1.32,3.42,0.722,skip,1.0,False,True,True,False,False
2026-02-18 00:52:27,/378666/gen-g-vs-sentinels-valorant-champions-2024-decider-b,Champions Tour 2024: China Stage 2,China,International,Gen G,Sentinels Valorant Champions 2,gen g,sentinels,1.37,3.1,0.694,bet_fav,1.0,False,False,False,False,False
2026-02-18 00:52:27,/378660/fnatic-vs-kr-esports-valorant-champions-2024-decider-a,Champions Tour 2024: China Stage 2,China,International,Fnatic,Kr Esports Valorant Champions ,fnatic,kr esports,1.32,3.42,0.722,skip,1.0,False,True,True,False,False
2026-02-18 00:52:27,/378677/edward-gaming-vs-paper-rex-valorant-champions-2024-decider-d,Champions Tour 2024: China Stage 2,China,International,Edward Gaming,Paper Rex Valorant Champions 2,edward gaming,paper rex,1.78,2.05,0.535,skip,1.0,True,False,False,False,False
2026-02-18 00:52:27,/378822/drx-vs-sentinels-valorant-champions-2024-ubqf,Champions Tour 2024: China Stage 2,China,International,Drx,Sentinels Valorant Champions 2,drx,sentinels,1.65,2.25,0.577,bet_fav,1.0,False,False,False,False,False
2026-02-18 00:52:27,/378823/trace-esports-vs-edward-gaming-valorant-champions-2024-ubqf,Champions Tour 2024: China Stage 2,China,International,Trace Esports,Edward Gaming Valorant Champio,trace esports,edward gaming,1.35,3.23,0.705,skip,1.0,False,True,False,False,False
2026-02-18 00:52:27,/378825/team-heretics-vs-fnatic-valorant-champions-2024-ubqf,Champions Tour 2024: China Stage 2,China,International,Team Heretics,Fnatic Valorant Champions 2024,team heretics,fnatic,1.65,2.25,0.577,bet_fav,1.0,False,False,False,False,False
2026-02-18 00:52:27,/378831/drx-vs-trace-esports-valorant-champions-2024-lr1,Champions Tour 2024: China Stage 2,China,International,Drx,Trace Esports Valorant Champio,drx,trace esports,1.25,4.0,0.762,skip,1.0,False,True,True,False,False
2026-02-18 00:52:27,/378832/g2-esports-vs-fnatic-valorant-champions-2024-lr1,Champions Tour 2024: China Stage 2,China,International,G2 Esports,Fnatic Valorant Champions 2024,g2 esports,fnatic,1.74,2.1,0.547,skip,1.0,True,False,False,False,False
2026-02-18 00:52:27,/378826/sentinels-vs-edward-gaming-valorant-champions-2024-ubsf,Champions Tour 2024: China Stage 2,China,International,Sentinels,Edward Gaming Valorant Champio,sentinels,edward gaming,1.54,2.5,0.619,bet_fav,1.0,False,False,False,False,False
2026-02-18 00:52:27,/378834/sentinels-vs-fnatic-valorant-champions-2024-lr2,Champions Tour 2024: China Stage 2,China,International,Sentinels,Fnatic Valorant Champions 2024,sentinels,fnatic,1.9,1.91,0.501,skip,1.0,True,False,False,True,False
2026-02-18 00:52:27,/378833/team-heretics-vs-drx-valorant-champions-2024-lr2,Champions Tour 2024: China Stage 2,China,International,Team Heretics,Drx Valorant Champions 2024 Lr,team heretics,drx,1.52,2.55,0.627,bet_fav,1.0,False,False,False,False,False
2026-02-18 00:52:27,/378828/edward-gaming-vs-leviat-n-valorant-champions-2024-ubf,Champions Tour 2024: China Stage 2,China,International,Edward Gaming,Leviat N Valorant Champions 20,edward gaming,leviat n,1.54,2.5,0.619,bet_fav,1.0,False,False,False,False,False
2026-02-18 00:52:27,/378836/leviat-n-vs-team-heretics-valorant-champions-2024-lbf,Champions Tour 2024: China Stage 2,China,International,Leviat N,Team Heretics Valorant Champio,leviat n,team heretics,1.8,2.02,0.529,skip,1.0,True,False,False,False,False
2026-02-18 00:52:27,/378829/edward-gaming-vs-team-heretics-valorant-champions-2024-gf,Champions Tour 2024: China Stage 2,China,International,Edward Gaming,Team Heretics Valorant Champio,edward gaming,team heretics,1.54,2.5,0.619,bet_fav,1.0,False,False,False,False,False
2026-02-18 00:52:27,/427991/evil-geniuses-vs-loud-champions-tour-2025-americas-kickoff-ur1,VCT 2025: Americas Kickoff,Americas,Kickoff,Evil Geniuses,Loud Champions Tour 2025 Ameri,evil geniuses,loud,1.78,2.05,0.535,skip,1.0,True,False,False,False,False
2026-02-18 00:52:27,/427992/mibr-vs-100-thieves-champions-tour-2025-americas-kickoff-ur1,VCT 2025: Americas Kickoff,Americas,Kickoff,Mibr,100 Thieves Champions Tour 202,mibr,100 thieves,1.78,2.05,0.535,skip,1.0,True,False,False,False,False
2026-02-18 00:52:27,/427994/2game-esports-vs-furia-champions-tour-2025-americas-kickoff-ur1,VCT 2025: Americas Kickoff,Americas,Kickoff,2Game Esports,Furia Champions Tour 2025 Amer,2game esports,furia,1.5,2.6,0.634,bet_fav,0.75,False,False,False,False,True
2026-02-18 00:52:27,/427993/nrg-esports-vs-cloud9-champions-tour-2025-americas-kickoff-ur1,VCT 2025: Americas Kickoff,Americas,Kickoff,Nrg Esports,Cloud9 Champions Tour 2025 Ame,nrg esports,cloud9,1.32,3.4,0.72,skip,1.0,False,True,True,False,False
2026-02-18 00:52:27,/427995/kr-esports-vs-loud-champions-tour-2025-americas-kickoff-ubqf,VCT 2025: Americas Kickoff,Americas,Kickoff,Kr Esports,Loud Champions Tour 2025 Ameri,kr esports,loud,1.74,2.1,0.547,skip,1.0,True,False,False,False,False
2026-02-18 00:52:27,/427996/sentinels-vs-100-thieves-champions-tour-2025-americas-kickoff-ubqf,VCT 2025: Americas Kickoff,Americas,Kickoff,Sentinels,100 Thieves Champions Tour 202,sentinels,100 thieves,1.62,2.31,0.588,bet_fav,0.75,False,False,False,False,True
2026-02-18 00:52:27,/427997/g2-esports-vs-cloud9-champions-tour-2025-americas-kickoff-ubqf,VCT 2025: Americas Kickoff,Americas,Kickoff,G2 Esports,Cloud9 Champions Tour 2025 Ame,g2 esports,cloud9,1.38,3.07,0.69,bet_fav,0.75,False,False,False,False,True
2026-02-18 00:52:27,/428003/furia-vs-evil-geniuses-champions-tour-2025-americas-kickoff-lr1,VCT 2025: Americas Kickoff,Americas,Kickoff,Furia,Evil Geniuses Champions Tour 2,furia,evil geniuses,1.63,2.3,0.585,bet_fav,0.75,False,False,False,False,True
2026-02-18 00:52:27,/428004/cloud9-vs-mibr-champions-tour-2025-americas-kickoff-lr1,VCT 2025: Americas Kickoff,Americas,Kickoff,Cloud9,Mibr Champions Tour 2025 Ameri,cloud9,mibr,1.82,2.0,0.524,skip,1.0,True,False,False,False,False
2026-02-18 00:52:27,/428005/100-thieves-vs-nrg-esports-champions-tour-2025-americas-kickoff-lr1,VCT 2025: Americas Kickoff,Americas,Kickoff,100 Thieves,Nrg Esports Champions Tour 202,100 thieves,nrg esports,1.78,2.05,0.535,skip,1.0,True,False,False,False,False
2026-02-18 00:52:27,/427999/loud-vs-sentinels-champions-tour-2025-americas-kickoff-ubsf,VCT 2025: Americas Kickoff,Americas,Kickoff,Loud,Sentinels Champions Tour 2025 ,loud,sentinels,1.5,2.61,0.635,bet_fav,0.75,False,False,False,False,True
2026-02-18 00:52:27,/428000/g2-esports-vs-leviat-n-champions-tour-2025-americas-kickoff-ubsf,VCT 2025: Americas Kickoff,Americas,Kickoff,G2 Esports,Leviat N Champions Tour 2025 A,g2 esports,leviat n,1.38,3.07,0.69,bet_fav,0.75,False,False,False,False,True
2026-02-18 00:52:27,/428007/evil-geniuses-vs-mibr-champions-tour-2025-americas-kickoff-lr2,VCT 2025: Americas Kickoff,Americas,Kickoff,Evil Geniuses,Mibr Champions Tour 2025 Ameri,evil geniuses,mibr,1.8,2.02,0.529,skip,1.0,True,False,False,False,False
2026-02-18 00:52:27,/428009/leviat-n-vs-mibr-champions-tour-2025-americas-kickoff-lr3,VCT 2025: Americas Kickoff,Americas,Kickoff,Leviat N,Mibr Champions Tour 2025 Ameri,leviat n,mibr,1.75,2.09,0.544,skip,1.0,True,False,False,False,False
2026-02-18 00:52:27,/428001/sentinels-vs-g2-esports-champions-tour-2025-americas-kickoff-ubf,VCT 2025: Americas Kickoff,Americas,Kickoff,Sentinels,G2 Esports Champions Tour 2025,sentinels,g2 esports,1.5,2.61,0.635,bet_fav,0.75,False,False,False,False,True
2026-02-18 00:52:27,/428011/mibr-vs-kr-esports-champions-tour-2025-americas-kickoff-lr4,VCT 2025: Americas Kickoff,Americas,Kickoff,Mibr,Kr Esports Champions Tour 2025,mibr,kr esports,1.86,1.95,0.512,skip,1.0,True,False,False,False,False
2026-02-18 00:52:27,/428012/sentinels-vs-mibr-champions-tour-2025-americas-kickoff-lbf,VCT 2025: Americas Kickoff,Americas,Kickoff,Sentinels,Mibr Champions Tour 2025 Ameri,sentinels,mibr,1.55,2.47,0.614,bet_fav,0.75,False,False,False,False,True
2026-02-18 00:52:27,/428002/g2-esports-vs-sentinels-champions-tour-2025-americas-kickoff-gf,VCT 2025: Americas Kickoff,Americas,Kickoff,G2 Esports,Sentinels Champions Tour 2025 ,g2 esports,sentinels,1.22,4.34,0.781,skip,1.0,False,True,True,False,False
2026-02-18 00:52:27,/459517/cloud9-vs-nrg-esports-champions-tour-2025-americas-stage-1-w1,VCT 2025: Americas Stage 1,Americas,Stage,Cloud9,Nrg Esports Champions Tour 202,cloud9,nrg esports,1.6,2.35,0.595,bet_fav,1.0,False,False,False,False,False
2026-02-18 00:52:27,/459519/g2-esports-vs-furia-champions-tour-2025-americas-stage-1-w1,VCT 2025: Americas Stage 1,Americas,Stage,G2 Esports,Furia Champions Tour 2025 Amer,g2 esports,furia,1.04,11.3,0.916,skip,1.0,False,True,True,False,False
2026-02-18 00:52:27,/459520/mibr-vs-leviat-n-champions-tour-2025-americas-stage-1-w1,VCT 2025: Americas Stage 1,Americas,Stage,Mibr,Leviat N Champions Tour 2025 A,mibr,leviat n,1.75,2.09,0.544,skip,1.0,True,False,False,False,False
2026-02-18 00:52:27,/459521/2game-esports-vs-evil-geniuses-champions-tour-2025-americas-stage-1-w1,VCT 2025: Americas Stage 1,Americas,Stage,2Game Esports,Evil Geniuses Champions Tour 2,2game esports,evil geniuses,1.25,4.0,0.762,skip,1.0,False,True,True,False,False
2026-02-18 00:52:27,/459522/sentinels-vs-100-thieves-champions-tour-2025-americas-stage-1-w1,VCT 2025: Americas Stage 1,Americas,Stage,Sentinels,100 Thieves Champions Tour 202,sentinels,100 thieves,1.6,2.35,0.595,bet_fav,1.0,False,False,False,False,False
2026-02-18 00:52:27,/459523/nrg-esports-vs-furia-champions-tour-2025-americas-stage-1-w2,VCT 2025: Americas Stage 1,Americas,Stage,Nrg Esports,Furia Champions Tour 2025 Amer,nrg esports,furia,1.28,3.72,0.744,skip,1.0,False,True,True,False,False
2026-02-18 00:52:27,/459525/100-thieves-vs-evil-geniuses-champions-tour-2025-americas-stage-1-w2,VCT 2025: Americas Stage 1,Americas,Stage,100 Thieves,Evil Geniuses Champions Tour 2,100 thieves,evil geniuses,1.4,2.98,0.68,bet_fav,1.0,False,False,False,False,False
2026-02-18 00:52:27,/459526/g2-esports-vs-mibr-champions-tour-2025-americas-stage-1-w2,VCT 2025: Americas Stage 1,Americas,Stage,G2 Esports,Mibr Champions Tour 2025 Ameri,g2 esports,mibr,1.32,3.42,0.722,skip,1.0,False,True,True,False,False
2026-02-18 00:52:27,/459527/loud-vs-2game-esports-champions-tour-2025-americas-stage-1-w2,VCT 2025: Americas Stage 1,Americas,Stage,Loud,2Game Esports Champions Tour 2,loud,2game esports,1.14,5.8,0.836,skip,1.0,False,True,True,False,False
2026-02-18 00:52:27,/459528/leviat-n-vs-cloud9-champions-tour-2025-americas-stage-1-w2,VCT 2025: Americas Stage 1,Americas,Stage,Leviat N,Cloud9 Champions Tour 2025 Ame,leviat n,cloud9,1.78,2.05,0.535,skip,1.0,True,False,False,False,False
2026-02-18 00:52:27,/459529/evil-geniuses-vs-sentinels-champions-tour-2025-americas-stage-1-w3,VCT 2025: Americas Stage 1,Americas,Stage,Evil Geniuses,Sentinels Champions Tour 2025 ,evil geniuses,sentinels,1.3,3.56,0.733,skip,1.0,False,True,True,False,False
2026-02-18 00:52:27,/459530/100-thieves-vs-loud-champions-tour-2025-americas-stage-1-w3,VCT 2025: Americas Stage 1,Americas,Stage,100 Thieves,Loud Champions Tour 2025 Ameri,100 thieves,loud,1.4,2.98,0.68,bet_fav,1.0,False,False,False,False,False
2026-02-18 00:52:27,/459532/g2-esports-vs-nrg-esports-champions-tour-2025-americas-stage-1-w3,VCT 2025: Americas Stage 1,Americas,Stage,G2 Esports,Nrg Esports Champions Tour 202,g2 esports,nrg esports,1.25,4.0,0.762,skip,1.0,False,True,True,False,False
2026-02-18 00:52:27,/459534/cloud9-vs-mibr-champions-tour-2025-americas-stage-1-w3,VCT 2025: Americas Stage 1,Americas,Stage,Cloud9,Mibr Champions Tour 2025 Ameri,cloud9,mibr,1.68,2.2,0.567,bet_fav,1.0,False,False,False,False,False
2026-02-18 00:52:27,/459535/100-thieves-vs-2game-esports-champions-tour-2025-americas-stage-1-w4,VCT 2025: Americas Stage 1,Americas,Stage,100 Thieves,2Game Esports Champions Tour 2,100 thieves,2game esports,1.2,4.62,0.794,skip,1.0,False,True,True,False,False
2026-02-18 00:52:27,/459536/g2-esports-vs-leviat-n-champions-tour-2025-americas-stage-1-w4,VCT 2025: Americas Stage 1,Americas,Stage,G2 Esports,Leviat N Champions Tour 2025 A,g2 esports,leviat n,1.1,7.1,0.866,skip,1.0,False,True,True,False,False
2026-02-18 00:52:27,/459537/furia-vs-cloud9-champions-tour-2025-americas-stage-1-w4,VCT 2025: Americas Stage 1,Americas,Stage,Furia,Cloud9 Champions Tour 2025 Ame,furia,cloud9,1.08,8.06,0.882,skip,1.0,False,True,True,False,False
2026-02-18 00:52:27,/459538/sentinels-vs-loud-champions-tour-2025-americas-stage-1-w4,VCT 2025: Americas Stage 1,Americas,Stage,Sentinels,Loud Champions Tour 2025 Ameri,sentinels,loud,1.35,3.23,0.705,skip,1.0,False,True,False,False,False
2026-02-18 00:52:27,/459539/kr-esports-vs-evil-geniuses-champions-tour-2025-americas-stage-1-w4,VCT 2025: Americas Stage 1,Americas,Stage,Kr Esports,Evil Geniuses Champions Tour 2,kr esports,evil geniuses,1.25,4.0,0.762,skip,1.0,False,True,True,False,False
2026-02-18 00:52:27,/459540/nrg-esports-vs-mibr-champions-tour-2025-americas-stage-1-w4,VCT 2025: Americas Stage 1,Americas,Stage,Nrg Esports,Mibr Champions Tour 2025 Ameri,nrg esports,mibr,1.32,3.42,0.722,skip,1.0,False,True,True,False,False
2026-02-18 00:52:27,/459541/g2-esports-vs-cloud9-champions-tour-2025-americas-stage-1-w5,VCT 2025: Americas Stage 1,Americas,Stage,G2 Esports,Cloud9 Champions Tour 2025 Ame,g2 esports,cloud9,1.26,3.9,0.756,skip,1.0,False,True,True,False,False
2026-02-18 00:52:27,/459542/mibr-vs-furia-champions-tour-2025-americas-stage-1-w5,VCT 2025: Americas Stage 1,Americas,Stage,Mibr,Furia Champions Tour 2025 Amer,mibr,furia,1.06,9.38,0.898,skip,1.0,False,True,True,False,False
2026-02-18 00:52:27,/459543/sentinels-vs-2game-esports-champions-tour-2025-americas-stage-1-w5,VCT 2025: Americas Stage 1,Americas,Stage,Sentinels,2Game Esports Champions Tour 2,sentinels,2game esports,1.08,8.06,0.882,skip,1.0,False,True,True,False,False
2026-02-18 00:52:27,/459545/evil-geniuses-vs-loud-champions-tour-2025-americas-stage-1-w5,VCT 2025: Americas Stage 1,Americas,Stage,Evil Geniuses,Loud Champions Tour 2025 Ameri,evil geniuses,loud,1.75,2.09,0.544,skip,1.0,True,False,False,False,False
2026-02-18 00:52:27,/459546/leviat-n-vs-nrg-esports-champions-tour-2025-americas-stage-1-w5,VCT 2025: Americas Stage 1,Americas,Stage,Leviat N,Nrg Esports Champions Tour 202,leviat n,nrg esports,1.65,2.25,0.577,bet_fav,1.0,False,False,False,False,False
2026-02-18 00:52:27,/475897/mibr-vs-100-thieves-champions-tour-2025-americas-stage-1-ubr1,VCT 2025: Americas Stage 1,Americas,Stage,Mibr,100 Thieves Champions Tour 202,mibr,100 thieves,1.52,2.55,0.627,bet_fav,1.0,False,False,False,False,False
2026-02-18 00:52:27,/475898/sentinels-vs-cloud9-champions-tour-2025-americas-stage-1-ubr1,VCT 2025: Americas Stage 1,Americas,Stage,Sentinels,Cloud9 Champions Tour 2025 Ame,sentinels,cloud9,1.65,2.25,0.577,bet_fav,1.0,False,False,False,False,False
2026-02-18 00:52:27,/475903/100-thieves-vs-nrg-esports-champions-tour-2025-americas-stage-1-lr1,VCT 2025: Americas Stage 1,Americas,Stage,100 Thieves,Nrg Esports Champions Tour 202,100 thieves,nrg esports,1.89,1.92,0.504,skip,1.0,True,False,False,True,False
2026-02-18 00:52:27,/475904/cloud9-vs-evil-geniuses-champions-tour-2025-americas-stage-1-lr1,VCT 2025: Americas Stage 1,Americas,Stage,Cloud9,Evil Geniuses Champions Tour 2,cloud9,evil geniuses,1.54,2.5,0.619,bet_fav,1.0,False,False,False,False,False
2026-02-18 00:52:27,/475899/kr-esports-vs-mibr-champions-tour-2025-americas-stage-1-ubsf,VCT 2025: Americas Stage 1,Americas,Stage,Kr Esports,Mibr Champions Tour 2025 Ameri,kr esports,mibr,1.42,2.89,0.671,bet_fav,1.0,False,False,False,False,False
2026-02-18 00:52:27,/475900/g2-esports-vs-sentinels-champions-tour-2025-americas-stage-1-ubsf,VCT 2025: Americas Stage 1,Americas,Stage,G2 Esports,Sentinels Champions Tour 2025 ,g2 esports,sentinels,1.4,3.0,0.682,bet_fav,1.0,False,False,False,False,False
2026-02-18 00:52:27,/475906/kr-esports-vs-evil-geniuses-champions-tour-2025-americas-stage-1-lr2,VCT 2025: Americas Stage 1,Americas,Stage,Kr Esports,Evil Geniuses Champions Tour 2,kr esports,evil geniuses,1.74,2.1,0.547,skip,1.0,True,False,False,False,False
2026-02-18 00:52:27,/475905/g2-esports-vs-100-thieves-champions-tour-2025-americas-stage-1-lr2,VCT 2025: Americas Stage 1,Americas,Stage,G2 Esports,100 Thieves Champions Tour 202,g2 esports,100 thieves,1.12,6.36,0.85,skip,1.0,False,True,True,False,False
2026-02-18 00:52:27,/475901/mibr-vs-sentinels-champions-tour-2025-americas-stage-1-ubf,VCT 2025: Americas Stage 1,Americas,Stage,Mibr,Sentinels Champions Tour 2025 ,mibr,sentinels,1.89,1.92,0.504,skip,1.0,True,False,False,True,False
2026-02-18 00:52:27,/475907/g2-esports-vs-evil-geniuses-champions-tour-2025-americas-stage-1-lr3,VCT 2025: Americas Stage 1,Americas,Stage,G2 Esports,Evil Geniuses Champions Tour 2,g2 esports,evil geniuses,1.22,4.34,0.781,skip,1.0,False,True,True,False,False
2026-02-18 00:52:27,/475908/mibr-vs-g2-esports-champions-tour-2025-americas-stage-1-lbf,VCT 2025: Americas Stage 1,Americas,Stage,Mibr,G2 Esports Champions Tour 2025,mibr,g2 esports,1.48,2.67,0.643,bet_fav,1.0,False,False,False,False,False
2026-02-18 00:52:27,/475902/sentinels-vs-g2-esports-champions-tour-2025-americas-stage-1-gf,VCT 2025: Americas Stage 1,Americas,Stage,Sentinels,G2 Esports Champions Tour 2025,sentinels,g2 esports,1.58,2.4,0.603,bet_fav,1.0,False,False,False,False,False
2026-02-18 00:52:27,/509801/cloud9-vs-furia-vct-2025-americas-stage-2-w1,VCT 2025: Americas Stage 2,Americas,Stage,Cloud9,Furia Vct 2025 Americas Stage ,cloud9,furia,1.17,5.12,0.814,skip,1.0,False,True,True,False,False
2026-02-18 00:52:27,/509802/leviat-n-vs-loud-vct-2025-americas-stage-2-w1,VCT 2025: Americas Stage 2,Americas,Stage,Leviat N,Loud Vct 2025 Americas Stage 2,leviat n,loud,1.71,2.15,0.557,bet_fav,1.0,False,False,False,False,False
2026-02-18 00:52:27,/509803/evil-geniuses-vs-2game-esports-vct-2025-americas-stage-2-w1,VCT 2025: Americas Stage 2,Americas,Stage,Evil Geniuses,2Game Esports Vct 2025 America,evil geniuses,2game esports,1.2,4.62,0.794,skip,1.0,False,True,True,False,False
2026-02-18 00:52:27,/509805/100-thieves-vs-nrg-vct-2025-americas-stage-2-w1,VCT 2025: Americas Stage 2,Americas,Stage,100 Thieves,Nrg Vct 2025 Americas Stage 2 ,100 thieves,nrg,1.58,2.4,0.603,bet_fav,1.0,False,False,False,False,False
2026-02-18 00:52:27,/509806/sentinels-vs-g2-esports-vct-2025-americas-stage-2-w1,VCT 2025: Americas Stage 2,Americas,Stage,Sentinels,G2 Esports Vct 2025 Americas S,sentinels,g2 esports,1.5,2.61,0.635,bet_fav,1.0,False,False,False,False,False
2026-02-18 00:52:27,/509807/2game-esports-vs-g2-esports-vct-2025-americas-stage-2-w2,VCT 2025: Americas Stage 2,Americas,Stage,2Game Esports,G2 Esports Vct 2025 Americas S,2game esports,g2 esports,1.21,4.47,0.787,skip,1.0,False,True,True,False,False
2026-02-18 00:52:27,/509808/furia-vs-sentinels-vct-2025-americas-stage-2-w2,VCT 2025: Americas Stage 2,Americas,Stage,Furia,Sentinels Vct 2025 Americas St,furia,sentinels,1.06,9.38,0.898,skip,1.0,False,True,True,False,False
2026-02-18 00:52:27,/509809/100-thieves-vs-kr-esports-vct-2025-americas-stage-2-w2,VCT 2025: Americas Stage 2,Americas,Stage,100 Thieves,Kr Esports Vct 2025 Americas S,100 thieves,kr esports,1.71,2.15,0.557,bet_fav,1.0,False,False,False,False,False
2026-02-18 00:52:27,/509810/nrg-vs-loud-vct-2025-americas-stage-2-w2,VCT 2025: Americas Stage 2,Americas,Stage,Nrg,Loud Vct 2025 Americas Stage 2,nrg,loud,1.65,2.25,0.577,bet_fav,1.0,False,False,False,False,False
2026-02-18 00:52:27,/509811/cloud9-vs-evil-geniuses-vct-2025-americas-stage-2-w2,VCT 2025: Americas Stage 2,Americas,Stage,Cloud9,Evil Geniuses Vct 2025 America,cloud9,evil geniuses,1.55,2.47,0.614,bet_fav,1.0,False,False,False,False,False
2026-02-18 00:52:27,/509813/2game-esports-vs-furia-vct-2025-americas-stage-2-w3,VCT 2025: Americas Stage 2,Americas,Stage,2Game Esports,Furia Vct 2025 Americas Stage ,2game esports,furia,1.52,2.55,0.627,bet_fav,1.0,False,False,False,False,False
2026-02-18 00:52:27,/509814/leviat-n-vs-nrg-vct-2025-americas-stage-2-w3,VCT 2025: Americas Stage 2,Americas,Stage,Leviat N,Nrg Vct 2025 Americas Stage 2 ,leviat n,nrg,1.52,2.55,0.627,bet_fav,1.0,False,False,False,False,False
2026-02-18 00:52:27,/509815/sentinels-vs-cloud9-vct-2025-americas-stage-2-w3,VCT 2025: Americas Stage 2,Americas,Stage,Sentinels,Cloud9 Vct 2025 Americas Stage,sentinels,cloud9,1.48,2.67,0.643,bet_fav,1.0,False,False,False,False,False
2026-02-18 00:52:27,/509816/mibr-vs-100-thieves-vct-2025-americas-stage-2-w3,VCT 2025: Americas Stage 2,Americas,Stage,Mibr,100 Thieves Vct 2025 Americas ,mibr,100 thieves,1.44,2.8,0.66,bet_fav,1.0,False,False,False,False,False
2026-02-18 00:52:27,/509817/g2-esports-vs-evil-geniuses-vct-2025-americas-stage-2-w3,VCT 2025: Americas Stage 2,Americas,Stage,G2 Esports,Evil Geniuses Vct 2025 America,g2 esports,evil geniuses,1.38,3.07,0.69,bet_fav,1.0,False,False,False,False,False
2026-02-18 00:52:27,/509819/cloud9-vs-2game-esports-vct-2025-americas-stage-2-w4,VCT 2025: Americas Stage 2,Americas,Stage,Cloud9,2Game Esports Vct 2025 America,cloud9,2game esports,1.15,5.54,0.828,skip,1.0,False,True,True,False,False
2026-02-18 00:52:27,/509820/mibr-vs-nrg-vct-2025-americas-stage-2-w4,VCT 2025: Americas Stage 2,Americas,Stage,Mibr,Nrg Vct 2025 Americas Stage 2 ,mibr,nrg,1.6,2.35,0.595,bet_fav,1.0,False,False,False,False,False
2026-02-18 00:52:27,/509821/sentinels-vs-evil-geniuses-vct-2025-americas-stage-2-w4,VCT 2025: Americas Stage 2,Americas,Stage,Sentinels,Evil Geniuses Vct 2025 America,sentinels,evil geniuses,1.14,5.79,0.835,skip,1.0,False,True,True,False,False
2026-02-18 00:52:27,/509823/furia-vs-g2-esports-vct-2025-americas-stage-2-w4,VCT 2025: Americas Stage 2,Americas,Stage,Furia,G2 Esports Vct 2025 Americas S,furia,g2 esports,1.02,14.37,0.934,skip,1.0,False,True,True,False,False
2026-02-18 00:52:27,/509824/loud-vs-100-thieves-vct-2025-americas-stage-2-w4,VCT 2025: Americas Stage 2,Americas,Stage,Loud,100 Thieves Vct 2025 Americas ,loud,100 thieves,1.35,3.23,0.705,skip,1.0,False,True,False,False,False
2026-02-18 00:52:27,/509825/kr-esports-vs-nrg-vct-2025-americas-stage-2-w5,VCT 2025: Americas Stage 2,Americas,Stage,Kr Esports,Nrg Vct 2025 Americas Stage 2 ,kr esports,nrg,1.4,2.98,0.68,bet_fav,1.0,False,False,False,False,False
2026-02-18 00:52:27,/509827/furia-vs-evil-geniuses-vct-2025-americas-stage-2-w5,VCT 2025: Americas Stage 2,Americas,Stage,Furia,Evil Geniuses Vct 2025 America,furia,evil geniuses,1.06,9.38,0.898,skip,1.0,False,True,True,False,False
2026-02-18 00:52:27,/509829/2game-esports-vs-sentinels-vct-2025-americas-stage-2-w5,VCT 2025: Americas Stage 2,Americas,Stage,2Game Esports,Sentinels Vct 2025 Americas St,2game esports,sentinels,1.03,12.64,0.925,skip,1.0,False,True,True,False,False
2026-02-18 00:52:27,/509830/g2-esports-vs-cloud9-vct-2025-americas-stage-2-w5,VCT 2025: Americas Stage 2,Americas,Stage,G2 Esports,Cloud9 Vct 2025 Americas Stage,g2 esports,cloud9,1.47,2.7,0.647,bet_fav,1.0,False,False,False,False,False
2026-02-18 00:52:27,/509831/mibr-vs-loud-vct-2025-americas-stage-2-w5,VCT 2025: Americas Stage 2,Americas,Stage,Mibr,Loud Vct 2025 Americas Stage 2,mibr,loud,1.52,2.55,0.627,bet_fav,1.0,False,False,False,False,False
2026-02-18 00:52:27,/530902/leviat-n-vs-cloud9-vct-2025-americas-stage-2-ur1,VCT 2025: Americas Stage 2,Americas,Stage,Leviat N,Cloud9 Vct 2025 Americas Stage,leviat n,cloud9,1.85,1.96,0.514,skip,1.0,True,False,False,False,False
2026-02-18 00:52:27,/530903/g2-esports-vs-100-thieves-vct-2025-americas-stage-2-ur1,VCT 2025: Americas Stage 2,Americas,Stage,G2 Esports,100 Thieves Vct 2025 Americas ,g2 esports,100 thieves,1.22,4.34,0.781,skip,1.0,False,True,True,False,False
2026-02-18 00:52:27,/530906/sentinels-vs-cloud9-vct-2025-americas-stage-2-ubsf,VCT 2025: Americas Stage 2,Americas,Stage,Sentinels,Cloud9 Vct 2025 Americas Stage,sentinels,cloud9,1.25,4.0,0.762,skip,1.0,False,True,True,False,False
2026-02-18 00:52:27,/530907/nrg-vs-g2-esports-vct-2025-americas-stage-2-ubsf,VCT 2025: Americas Stage 2,Americas,Stage,Nrg,G2 Esports Vct 2025 Americas S,nrg,g2 esports,1.35,3.23,0.705,skip,1.0,False,True,False,False,False
2026-02-18 00:52:27,/530905/100-thieves-vs-evil-geniuses-vct-2025-americas-stage-2-lr1,VCT 2025: Americas Stage 2,Americas,Stage,100 Thieves,Evil Geniuses Vct 2025 America,100 thieves,evil geniuses,1.5,2.61,0.635,bet_fav,1.0,False,False,False,False,False
2026-02-18 00:52:27,/530908/nrg-vs-leviat-n-vct-2025-americas-stage-2-lr2,VCT 2025: Americas Stage 2,Americas,Stage,Nrg,Leviat N Vct 2025 Americas Sta,nrg,leviat n,1.48,2.67,0.643,bet_fav,1.0,False,False,False,False,False
2026-02-18 00:52:27,/530909/cloud9-vs-100-thieves-vct-2025-americas-stage-2-lr2,VCT 2025: Americas Stage 2,Americas,Stage,Cloud9,100 Thieves Vct 2025 Americas ,cloud9,100 thieves,1.68,2.2,0.567,bet_fav,1.0,False,False,False,False,False
2026-02-18 00:52:27,/530910/sentinels-vs-g2-esports-vct-2025-americas-stage-2-ubf,VCT 2025: Americas Stage 2,Americas,Stage,Sentinels,G2 Esports Vct 2025 Americas S,sentinels,g2 esports,1.72,2.13,0.553,bet_fav,1.0,False,False,False,False,False
2026-02-18 00:52:27,/530911/nrg-vs-cloud9-vct-2025-americas-stage-2-lr3,VCT 2025: Americas Stage 2,Americas,Stage,Nrg,Cloud9 Vct 2025 Americas Stage,nrg,cloud9,1.38,3.07,0.69,bet_fav,1.0,False,False,False,False,False
2026-02-18 00:52:27,/530912/sentinels-vs-nrg-vct-2025-americas-stage-2-lbf,VCT 2025: Americas Stage 2,Americas,Stage,Sentinels,Nrg Vct 2025 Americas Stage 2 ,sentinels,nrg,1.76,2.08,0.542,skip,1.0,True,False,False,False,False
2026-02-18 00:52:27,/530913/g2-esports-vs-nrg-vct-2025-americas-stage-2-gf,VCT 2025: Americas Stage 2,Americas,Stage,G2 Esports,Nrg Vct 2025 Americas Stage 2 ,g2 esports,nrg,1.35,3.23,0.705,skip,1.0,False,True,False,False,False
2026-02-18 00:52:27,/430838/tyloo-vs-titan-esports-club-champions-tour-2025-china-kickoff-ur1,VCT 2025: China Kickoff,China,Kickoff,Tyloo,Titan Esports Club Champions T,tyloo,titan esports club,1.9,1.91,0.501,skip,1.0,True,False,False,True,False
2026-02-18 00:52:27,/430837/xi-lai-gaming-vs-wolves-esports-champions-tour-2025-china-kickoff-ur1,VCT 2025: China Kickoff,China,Kickoff,Xi Lai Gaming,Wolves Esports Champions Tour ,xi lai gaming,wolves esports,1.47,2.7,0.647,bet_fav,0.75,False,False,False,False,True
2026-02-18 00:52:27,/430839/jdg-esports-vs-dragon-ranger-gaming-champions-tour-2025-china-kickoff-ur1,VCT 2025: China Kickoff,China,Kickoff,Jdg Esports,Dragon Ranger Gaming Champions,jdg esports,dragon ranger gaming,1.42,2.89,0.671,bet_fav,0.75,False,False,False,False,True
2026-02-18 00:52:27,/430840/all-gamers-vs-nova-esports-champions-tour-2025-china-kickoff-ur1,VCT 2025: China Kickoff,China,Kickoff,All Gamers,Nova Esports Champions Tour 20,all gamers,nova esports,1.22,4.34,0.781,skip,1.0,False,True,True,False,False
2026-02-18 00:52:27,/430842/funplus-phoenix-vs-titan-esports-club-champions-tour-2025-china-kickoff-ubqf,VCT 2025: China Kickoff,China,Kickoff,Funplus Phoenix,Titan Esports Club Champions T,funplus phoenix,titan esports club,1.17,5.12,0.814,skip,1.0,False,True,True,False,False
2026-02-18 00:52:27,/430841/bilibili-gaming-vs-xi-lai-gaming-champions-tour-2025-china-kickoff-ubqf,VCT 2025: China Kickoff,China,Kickoff,Bilibili Gaming,Xi Lai Gaming Champions Tour 2,bilibili gaming,xi lai gaming,1.72,2.13,0.553,bet_fav,0.75,False,False,False,False,True
2026-02-18 00:52:27,/430843/trace-esports-vs-dragon-ranger-gaming-champions-tour-2025-china-kickoff-ubqf,VCT 2025: China Kickoff,China,Kickoff,Trace Esports,Dragon Ranger Gaming Champions,trace esports,dragon ranger gaming,1.45,2.78,0.657,bet_fav,0.75,False,False,False,False,True
2026-02-18 00:52:27,/430844/edward-gaming-vs-nova-esports-champions-tour-2025-china-kickoff-ubqf,VCT 2025: China Kickoff,China,Kickoff,Edward Gaming,Nova Esports Champions Tour 20,edward gaming,nova esports,1.17,5.12,0.814,skip,1.0,False,True,True,False,False
2026-02-18 00:52:27,/430851/titan-esports-club-vs-jdg-esports-champions-tour-2025-china-kickoff-lr1,VCT 2025: China Kickoff,China,Kickoff,Titan Esports Club,Jdg Esports Champions Tour 202,titan esports club,jdg esports,1.55,2.47,0.614,bet_fav,0.75,False,False,False,False,True
2026-02-18 00:52:27,/430853/xi-lai-gaming-vs-all-gamers-champions-tour-2025-china-kickoff-lr1,VCT 2025: China Kickoff,China,Kickoff,Xi Lai Gaming,All Gamers Champions Tour 2025,xi lai gaming,all gamers,1.13,6.06,0.843,skip,1.0,False,True,True,False,False
2026-02-18 00:52:27,/430850/dragon-ranger-gaming-vs-tyloo-champions-tour-2025-china-kickoff-lr1,VCT 2025: China Kickoff,China,Kickoff,Dragon Ranger Gaming,Tyloo Champions Tour 2025 Chin,dragon ranger gaming,tyloo,1.3,3.56,0.733,skip,1.0,False,True,True,False,False
2026-02-18 00:52:27,/430849/nova-esports-vs-wolves-esports-champions-tour-2025-china-kickoff-lr1,VCT 2025: China Kickoff,China,Kickoff,Nova Esports,Wolves Esports Champions Tour ,nova esports,wolves esports,1.74,2.1,0.547,skip,1.0,True,False,False,False,False
2026-02-18 00:52:27,/430845/bilibili-gaming-vs-funplus-phoenix-champions-tour-2025-china-kickoff-ubsf,VCT 2025: China Kickoff,China,Kickoff,Bilibili Gaming,Funplus Phoenix Champions Tour,bilibili gaming,funplus phoenix,1.74,2.1,0.547,skip,1.0,True,False,False,False,False
2026-02-18 00:52:27,/430846/trace-esports-vs-edward-gaming-champions-tour-2025-china-kickoff-ubsf,VCT 2025: China Kickoff,China,Kickoff,Trace Esports,Edward Gaming Champions Tour 2,trace esports,edward gaming,1.5,2.6,0.634,bet_fav,0.75,False,False,False,False,True
2026-02-18 00:52:27,/430854/nova-esports-vs-dragon-ranger-gaming-champions-tour-2025-china-kickoff-lr2,VCT 2025: China Kickoff,China,Kickoff,Nova Esports,Dragon Ranger Gaming Champions,nova esports,dragon ranger gaming,1.5,2.6,0.634,bet_fav,0.75,False,False,False,False,True
2026-02-18 00:52:27,/430855/jdg-esports-vs-xi-lai-gaming-champions-tour-2025-china-kickoff-lr2,VCT 2025: China Kickoff,China,Kickoff,Jdg Esports,Xi Lai Gaming Champions Tour 2,jdg esports,xi lai gaming,1.35,3.23,0.705,skip,1.0,False,True,False,False,False
2026-02-18 00:52:27,/430856/funplus-phoenix-vs-dragon-ranger-gaming-champions-tour-2025-china-kickoff-lr3,VCT 2025: China Kickoff,China,Kickoff,Funplus Phoenix,Dragon Ranger Gaming Champions,funplus phoenix,dragon ranger gaming,1.68,2.2,0.567,bet_fav,0.75,False,False,False,False,True
2026-02-18 00:52:27,/430857/edward-gaming-vs-xi-lai-gaming-champions-tour-2025-china-kickoff-lr3,VCT 2025: China Kickoff,China,Kickoff,Edward Gaming,Xi Lai Gaming Champions Tour 2,edward gaming,xi lai gaming,1.42,2.9,0.671,bet_fav,0.75,False,False,False,False,True
2026-02-18 00:52:27,/430847/bilibili-gaming-vs-trace-esports-champions-tour-2025-china-kickoff-ubf,VCT 2025: China Kickoff,China,Kickoff,Bilibili Gaming,Trace Esports Champions Tour 2,bilibili gaming,trace esports,1.35,3.23,0.705,skip,1.0,False,True,False,False,False
2026-02-18 00:52:27,/430858/dragon-ranger-gaming-vs-edward-gaming-champions-tour-2025-china-kickoff-lr4,VCT 2025: China Kickoff,China,Kickoff,Dragon Ranger Gaming,Edward Gaming Champions Tour 2,dragon ranger gaming,edward gaming,1.35,3.23,0.705,skip,1.0,False,True,False,False,False
2026-02-18 00:52:27,/430860/bilibili-gaming-vs-edward-gaming-champions-tour-2025-china-kickoff-lbf,VCT 2025: China Kickoff,China,Kickoff,Bilibili Gaming,Edward Gaming Champions Tour 2,bilibili gaming,edward gaming,1.2,4.62,0.794,skip,1.0,False,True,True,False,False
2026-02-18 00:52:27,/430848/trace-esports-vs-edward-gaming-champions-tour-2025-china-kickoff-gf,VCT 2025: China Kickoff,China,Kickoff,Trace Esports,Edward Gaming Champions Tour 2,trace esports,edward gaming,1.42,2.89,0.671,bet_fav,0.75,False,False,False,False,True
2026-02-18 00:52:27,/450047/xi-lai-gaming-vs-bilibili-gaming-champions-tour-2025-china-stage-1-w1,VCT 2025: China Stage 1,China,Stage,Xi Lai Gaming,Bilibili Gaming Champions Tour,xi lai gaming,bilibili gaming,1.68,2.2,0.567,bet_fav,1.0,False,False,False,False,False
2026-02-18 00:52:27,/450048/trace-esports-vs-all-gamers-champions-tour-2025-china-stage-1-w1,VCT 2025: China Stage 1,China,Stage,Trace Esports,All Gamers Champions Tour 2025,trace esports,all gamers,1.1,7.1,0.866,skip,1.0,False,True,True,False,False
2026-02-18 00:52:27,/450049/dragon-ranger-gaming-vs-nova-esports-champions-tour-2025-china-stage-1-w1,VCT 2025: China Stage 1,China,Stage,Dragon Ranger Gaming,Nova Esports Champions Tour 20,dragon ranger gaming,nova esports,1.57,2.42,0.607,bet_fav,1.0,False,False,False,False,False
2026-02-18 00:52:27,/450050/tyloo-vs-edward-gaming-champions-tour-2025-china-stage-1-w1,VCT 2025: China Stage 1,China,Stage,Tyloo,Edward Gaming Champions Tour 2,tyloo,edward gaming,1.05,10.24,0.907,skip,1.0,False,True,True,False,False
2026-02-18 00:52:27,/450051/jdg-esports-vs-wolves-esports-champions-tour-2025-china-stage-1-w1,VCT 2025: China Stage 1,China,Stage,Jdg Esports,Wolves Esports Champions Tour ,jdg esports,wolves esports,1.56,2.45,0.611,bet_fav,1.0,False,False,False,False,False
2026-02-18 00:52:27,/450052/funplus-phoenix-vs-titan-esports-club-champions-tour-2025-china-stage-1-w1,VCT 2025: China Stage 1,China,Stage,Funplus Phoenix,Titan Esports Club Champions T,funplus phoenix,titan esports club,1.22,4.34,0.781,skip,1.0,False,True,True,False,False
2026-02-18 00:52:27,/450053/nova-esports-vs-edward-gaming-champions-tour-2025-china-stage-1-w2,VCT 2025: China Stage 1,China,Stage,Nova Esports,Edward Gaming Champions Tour 2,nova esports,edward gaming,1.09,7.5,0.873,skip,1.0,False,True,True,False,False
2026-02-18 00:52:27,/450054/tyloo-vs-funplus-phoenix-champions-tour-2025-china-stage-1-w2,VCT 2025: China Stage 1,China,Stage,Tyloo,Funplus Phoenix Champions Tour,tyloo,funplus phoenix,1.22,4.34,0.781,skip,1.0,False,True,True,False,False
2026-02-18 00:52:27,/450055/xi-lai-gaming-vs-all-gamers-champions-tour-2025-china-stage-1-w2,VCT 2025: China Stage 1,China,Stage,Xi Lai Gaming,All Gamers Champions Tour 2025,xi lai gaming,all gamers,1.12,6.36,0.85,skip,1.0,False,True,True,False,False
2026-02-18 00:52:27,/450056/wolves-esports-vs-trace-esports-champions-tour-2025-china-stage-1-w2,VCT 2025: China Stage 1,China,Stage,Wolves Esports,Trace Esports Champions Tour 2,wolves esports,trace esports,1.71,2.15,0.557,bet_fav,1.0,False,False,False,False,False
2026-02-18 00:52:27,/450057/titan-esports-club-vs-dragon-ranger-gaming-champions-tour-2025-china-stage-1-w2,VCT 2025: China Stage 1,China,Stage,Titan Esports Club,Dragon Ranger Gaming Champions,titan esports club,dragon ranger gaming,1.27,3.8,0.75,skip,1.0,False,True,True,False,False
2026-02-18 00:52:27,/450058/bilibili-gaming-vs-jdg-esports-champions-tour-2025-china-stage-1-w2,VCT 2025: China Stage 1,China,Stage,Bilibili Gaming,Jdg Esports Champions Tour 202,bilibili gaming,jdg esports,1.45,2.78,0.657,bet_fav,1.0,False,False,False,False,False
2026-02-18 00:52:27,/450059/jdg-esports-vs-trace-esports-champions-tour-2025-china-stage-1-w3,VCT 2025: China Stage 1,China,Stage,Jdg Esports,Trace Esports Champions Tour 2,jdg esports,trace esports,1.22,4.34,0.781,skip,1.0,False,True,True,False,False
2026-02-18 00:52:27,/450060/wolves-esports-vs-xi-lai-gaming-champions-tour-2025-china-stage-1-w3,VCT 2025: China Stage 1,China,Stage,Wolves Esports,Xi Lai Gaming Champions Tour 2,wolves esports,xi lai gaming,1.54,2.5,0.619,bet_fav,1.0,False,False,False,False,False
2026-02-18 00:52:27,/450061/tyloo-vs-titan-esports-club-champions-tour-2025-china-stage-1-w3,VCT 2025: China Stage 1,China,Stage,Tyloo,Titan Esports Club Champions T,tyloo,titan esports club,1.65,2.25,0.577,bet_fav,1.0,False,False,False,False,False
2026-02-18 00:52:27,/450062/dragon-ranger-gaming-vs-edward-gaming-champions-tour-2025-china-stage-1-w3,VCT 2025: China Stage 1,China,Stage,Dragon Ranger Gaming,Edward Gaming Champions Tour 2,dragon ranger gaming,edward gaming,1.08,8.06,0.882,skip,1.0,False,True,True,False,False
2026-02-18 00:52:27,/450063/nova-esports-vs-funplus-phoenix-champions-tour-2025-china-stage-1-w3,VCT 2025: China Stage 1,China,Stage,Nova Esports,Funplus Phoenix Champions Tour,nova esports,funplus phoenix,1.82,2.0,0.524,skip,1.0,True,False,False,False,False
2026-02-18 00:52:27,/450064/all-gamers-vs-bilibili-gaming-champions-tour-2025-china-stage-1-w3,VCT 2025: China Stage 1,China,Stage,All Gamers,Bilibili Gaming Champions Tour,all gamers,bilibili gaming,1.04,11.3,0.916,skip,1.0,False,True,True,False,False
2026-02-18 00:52:27,/450065/funplus-phoenix-vs-dragon-ranger-gaming-champions-tour-2025-china-stage-1-w4,VCT 2025: China Stage 1,China,Stage,Funplus Phoenix,Dragon Ranger Gaming Champions,funplus phoenix,dragon ranger gaming,1.71,2.15,0.557,bet_fav,1.0,False,False,False,False,False
2026-02-18 00:52:27,/450066/bilibili-gaming-vs-wolves-esports-champions-tour-2025-china-stage-1-w4,VCT 2025: China Stage 1,China,Stage,Bilibili Gaming,Wolves Esports Champions Tour ,bilibili gaming,wolves esports,1.5,2.61,0.635,bet_fav,1.0,False,False,False,False,False
2026-02-18 00:52:27,/450067/all-gamers-vs-jdg-esports-champions-tour-2025-china-stage-1-w4,VCT 2025: China Stage 1,China,Stage,All Gamers,Jdg Esports Champions Tour 202,all gamers,jdg esports,1.4,2.98,0.68,bet_fav,1.0,False,False,False,False,False
2026-02-18 00:52:27,/450068/edward-gaming-vs-titan-esports-club-champions-tour-2025-china-stage-1-w4,VCT 2025: China Stage 1,China,Stage,Edward Gaming,Titan Esports Club Champions T,edward gaming,titan esports club,1.1,7.1,0.866,skip,1.0,False,True,True,False,False
2026-02-18 00:52:27,/450069/nova-esports-vs-tyloo-champions-tour-2025-china-stage-1-w4,VCT 2025: China Stage 1,China,Stage,Nova Esports,Tyloo Champions Tour 2025 Chin,nova esports,tyloo,1.1,7.1,0.866,skip,1.0,False,True,True,False,False
2026-02-18 00:52:27,/450070/trace-esports-vs-xi-lai-gaming-champions-tour-2025-china-stage-1-w4,VCT 2025: China Stage 1,China,Stage,Trace Esports,Xi Lai Gaming Champions Tour 2,trace esports,xi lai gaming,1.74,2.1,0.547,skip,1.0,True,False,False,False,False
2026-02-18 00:52:27,/450071/jdg-esports-vs-xi-lai-gaming-champions-tour-2025-china-stage-1-w5,VCT 2025: China Stage 1,China,Stage,Jdg Esports,Xi Lai Gaming Champions Tour 2,jdg esports,xi lai gaming,1.4,2.98,0.68,bet_fav,1.0,False,False,False,False,False
2026-02-18 00:52:27,/450072/dragon-ranger-gaming-vs-tyloo-champions-tour-2025-china-stage-1-w5,VCT 2025: China Stage 1,China,Stage,Dragon Ranger Gaming,Tyloo Champions Tour 2025 Chin,dragon ranger gaming,tyloo,1.19,4.8,0.801,skip,1.0,False,True,True,False,False
2026-02-18 00:52:27,/450073/wolves-esports-vs-all-gamers-champions-tour-2025-china-stage-1-w5,VCT 2025: China Stage 1,China,Stage,Wolves Esports,All Gamers Champions Tour 2025,wolves esports,all gamers,1.06,9.38,0.898,skip,1.0,False,True,True,False,False
2026-02-18 00:52:27,/450074/bilibili-gaming-vs-trace-esports-champions-tour-2025-china-stage-1-w5,VCT 2025: China Stage 1,China,Stage,Bilibili Gaming,Trace Esports Champions Tour 2,bilibili gaming,trace esports,1.85,1.96,0.514,skip,1.0,True,False,False,False,False
2026-02-18 00:52:27,/450075/titan-esports-club-vs-nova-esports-champions-tour-2025-china-stage-1-w5,VCT 2025: China Stage 1,China,Stage,Titan Esports Club,Nova Esports Champions Tour 20,titan esports club,nova esports,1.16,5.3,0.82,skip,1.0,False,True,True,False,False
2026-02-18 00:52:27,/450076/edward-gaming-vs-funplus-phoenix-champions-tour-2025-china-stage-1-w5,VCT 2025: China Stage 1,China,Stage,Edward Gaming,Funplus Phoenix Champions Tour,edward gaming,funplus phoenix,1.22,4.34,0.781,skip,1.0,False,True,True,False,False
2026-02-18 00:52:27,/473233/titan-esports-club-vs-wolves-esports-champions-tour-2025-china-stage-1-ur1,VCT 2025: China Stage 1,China,Stage,Titan Esports Club,Wolves Esports Champions Tour ,titan esports club,wolves esports,1.65,2.25,0.577,bet_fav,1.0,False,False,False,False,False
2026-02-18 00:52:27,/473234/xi-lai-gaming-vs-nova-esports-champions-tour-2025-china-stage-1-ur1,VCT 2025: China Stage 1,China,Stage,Xi Lai Gaming,Nova Esports Champions Tour 20,xi lai gaming,nova esports,1.72,2.13,0.553,bet_fav,1.0,False,False,False,False,False
2026-02-18 00:52:27,/473235/titan-esports-club-vs-dragon-ranger-gaming-champions-tour-2025-china-stage-1-lr1,VCT 2025: China Stage 1,China,Stage,Titan Esports Club,Dragon Ranger Gaming Champions,titan esports club,dragon ranger gaming,1.55,2.47,0.614,bet_fav,1.0,False,False,False,False,False
2026-02-18 00:52:27,/473236/nova-esports-vs-trace-esports-champions-tour-2025-china-stage-1-lr1,VCT 2025: China Stage 1,China,Stage,Nova Esports,Trace Esports Champions Tour 2,nova esports,trace esports,1.4,2.98,0.68,bet_fav,1.0,False,False,False,False,False
2026-02-18 00:52:27,/473237/bilibili-gaming-vs-wolves-esports-champions-tour-2025-china-stage-1-ubsf,VCT 2025: China Stage 1,China,Stage,Bilibili Gaming,Wolves Esports Champions Tour ,bilibili gaming,wolves esports,1.6,2.35,0.595,bet_fav,1.0,False,False,False,False,False
2026-02-18 00:52:27,/473238/edward-gaming-vs-xi-lai-gaming-champions-tour-2025-china-stage-1-ubsf,VCT 2025: China Stage 1,China,Stage,Edward Gaming,Xi Lai Gaming Champions Tour 2,edward gaming,xi lai gaming,1.44,2.8,0.66,bet_fav,1.0,False,False,False,False,False
2026-02-18 00:52:27,/473240/bilibili-gaming-vs-trace-esports-champions-tour-2025-china-stage-1-lr2,VCT 2025: China Stage 1,China,Stage,Bilibili Gaming,Trace Esports Champions Tour 2,bilibili gaming,trace esports,1.88,1.93,0.507,skip,1.0,True,False,False,False,False
2026-02-18 00:52:27,/473239/edward-gaming-vs-dragon-ranger-gaming-champions-tour-2025-china-stage-1-lr2,VCT 2025: China Stage 1,China,Stage,Edward Gaming,Dragon Ranger Gaming Champions,edward gaming,dragon ranger gaming,1.22,4.34,0.781,skip,1.0,False,True,True,False,False
2026-02-18 00:52:27,/473241/wolves-esports-vs-xi-lai-gaming-champions-tour-2025-china-stage-1-ubf,VCT 2025: China Stage 1,China,Stage,Wolves Esports,Xi Lai Gaming Champions Tour 2,wolves esports,xi lai gaming,1.45,2.78,0.657,bet_fav,1.0,False,False,False,False,False
2026-02-18 00:52:27,/473242/edward-gaming-vs-bilibili-gaming-champions-tour-2025-china-stage-1-lr3,VCT 2025: China Stage 1,China,Stage,Edward Gaming,Bilibili Gaming Champions Tour,edward gaming,bilibili gaming,1.4,3.0,0.682,bet_fav,1.0,False,False,False,False,False
2026-02-18 00:52:27,/473243/wolves-esports-vs-bilibili-gaming-champions-tour-2025-china-stage-1-lbf,VCT 2025: China Stage 1,China,Stage,Wolves Esports,Bilibili Gaming Champions Tour,wolves esports,bilibili gaming,1.52,2.55,0.627,bet_fav,1.0,False,False,False,False,False
2026-02-18 00:52:27,/473244/xi-lai-gaming-vs-bilibili-gaming-champions-tour-2025-china-stage-1-gf,VCT 2025: China Stage 1,China,Stage,Xi Lai Gaming,Bilibili Gaming Champions Tour,xi lai gaming,bilibili gaming,1.65,2.25,0.577,bet_fav,1.0,False,False,False,False,False
2026-02-18 00:52:27,/506930/edward-gaming-vs-titan-esports-club-vct-2025-china-stage-2-w1,VCT 2025: China Stage 2,China,Stage,Edward Gaming,Titan Esports Club Vct 2025 Ch,edward gaming,titan esports club,1.13,6.06,0.843,skip,1.0,False,True,True,False,False
2026-02-18 00:52:27,/506931/bilibili-gaming-vs-tyloo-vct-2025-china-stage-2-w1,VCT 2025: China Stage 2,China,Stage,Bilibili Gaming,Tyloo Vct 2025 China Stage 2 W,bilibili gaming,tyloo,1.12,6.36,0.85,skip,1.0,False,True,True,False,False
2026-02-18 00:52:27,/506932/all-gamers-vs-xi-lai-gaming-vct-2025-china-stage-2-w1,VCT 2025: China Stage 2,China,Stage,All Gamers,Xi Lai Gaming Vct 2025 China S,all gamers,xi lai gaming,1.08,8.06,0.882,skip,1.0,False,True,True,False,False
2026-02-18 00:52:27,/506933/wolves-esports-vs-funplus-phoenix-vct-2025-china-stage-2-w1,VCT 2025: China Stage 2,China,Stage,Wolves Esports,Funplus Phoenix Vct 2025 China,wolves esports,funplus phoenix,1.32,3.4,0.72,skip,1.0,False,True,True,False,False
2026-02-18 00:52:27,/506934/dragon-ranger-gaming-vs-nova-esports-vct-2025-china-stage-2-w1,VCT 2025: China Stage 2,China,Stage,Dragon Ranger Gaming,Nova Esports Vct 2025 China St,dragon ranger gaming,nova esports,1.8,2.02,0.529,skip,1.0,True,False,False,False,False
2026-02-18 00:52:27,/506935/jdg-esports-vs-trace-esports-vct-2025-china-stage-2-w1,VCT 2025: China Stage 2,China,Stage,Jdg Esports,Trace Esports Vct 2025 China S,jdg esports,trace esports,1.32,3.42,0.722,skip,1.0,False,True,True,False,False
2026-02-18 00:52:27,/506936/trace-esports-vs-tyloo-vct-2025-china-stage-2-w2,VCT 2025: China Stage 2,China,Stage,Trace Esports,Tyloo Vct 2025 China Stage 2 W,trace esports,tyloo,1.12,6.3,0.849,skip,1.0,False,True,True,False,False
2026-02-18 00:52:27,/506937/funplus-phoenix-vs-nova-esports-vct-2025-china-stage-2-w2,VCT 2025: China Stage 2,China,Stage,Funplus Phoenix,Nova Esports Vct 2025 China St,funplus phoenix,nova esports,1.45,2.78,0.657,bet_fav,1.0,False,False,False,False,False
2026-02-18 00:52:27,/506938/all-gamers-vs-wolves-esports-vct-2025-china-stage-2-w2,VCT 2025: China Stage 2,China,Stage,All Gamers,Wolves Esports Vct 2025 China ,all gamers,wolves esports,1.14,5.8,0.836,skip,1.0,False,True,True,False,False
2026-02-18 00:52:27,/506939/jdg-esports-vs-bilibili-gaming-vct-2025-china-stage-2-w2,VCT 2025: China Stage 2,China,Stage,Jdg Esports,Bilibili Gaming Vct 2025 China,jdg esports,bilibili gaming,1.28,3.72,0.744,skip,1.0,False,True,True,False,False
2026-02-18 00:52:27,/506940/tyloo-vs-titan-esports-club-vct-2025-china-stage-2-w2,VCT 2025: China Stage 2,China,Stage,Tyloo,Titan Esports Club Vct 2025 Ch,tyloo,titan esports club,1.74,2.1,0.547,skip,1.0,True,False,False,False,False
2026-02-18 00:52:27,/506941/trace-esports-vs-edward-gaming-vct-2025-china-stage-2-w2,VCT 2025: China Stage 2,China,Stage,Trace Esports,Edward Gaming Vct 2025 China S,trace esports,edward gaming,1.31,3.5,0.728,skip,1.0,False,True,True,False,False
2026-02-18 00:52:27,/506942/dragon-ranger-gaming-vs-all-gamers-vct-2025-china-stage-2-w2,VCT 2025: China Stage 2,China,Stage,Dragon Ranger Gaming,All Gamers Vct 2025 China Stag,dragon ranger gaming,all gamers,1.4,2.98,0.68,bet_fav,1.0,False,False,False,False,False
2026-02-18 00:52:27,/506943/xi-lai-gaming-vs-wolves-esports-vct-2025-china-stage-2-w2,VCT 2025: China Stage 2,China,Stage,Xi Lai Gaming,Wolves Esports Vct 2025 China ,xi lai gaming,wolves esports,1.9,1.91,0.501,skip,1.0,True,False,False,True,False
2026-02-18 00:52:27,/506945/titan-esports-club-vs-bilibili-gaming-vct-2025-china-stage-2-w3,VCT 2025: China Stage 2,China,Stage,Titan Esports Club,Bilibili Gaming Vct 2025 China,titan esports club,bilibili gaming,1.26,3.9,0.756,skip,1.0,False,True,True,False,False
2026-02-18 00:52:27,/506946/funplus-phoenix-vs-dragon-ranger-gaming-vct-2025-china-stage-2-w3,VCT 2025: China Stage 2,China,Stage,Funplus Phoenix,Dragon Ranger Gaming Vct 2025 ,funplus phoenix,dragon ranger gaming,1.5,2.61,0.635,bet_fav,1.0,False,False,False,False,False
2026-02-18 00:52:27,/506947/nova-esports-vs-all-gamers-vct-2025-china-stage-2-w3,VCT 2025: China Stage 2,China,Stage,Nova Esports,All Gamers Vct 2025 China Stag,nova esports,all gamers,1.51,2.58,0.631,bet_fav,1.0,False,False,False,False,False
2026-02-18 00:52:27,/506948/tyloo-vs-edward-gaming-vct-2025-china-stage-2-w3,VCT 2025: China Stage 2,China,Stage,Tyloo,Edward Gaming Vct 2025 China S,tyloo,edward gaming,1.32,3.42,0.722,skip,1.0,False,True,True,False,False
2026-02-18 00:52:27,/506949/titan-esports-club-vs-jdg-esports-vct-2025-china-stage-2-w3,VCT 2025: China Stage 2,China,Stage,Titan Esports Club,Jdg Esports Vct 2025 China Sta,titan esports club,jdg esports,1.88,1.93,0.507,skip,1.0,True,False,False,False,False
2026-02-18 00:52:27,/506950/bilibili-gaming-vs-trace-esports-vct-2025-china-stage-2-w3,VCT 2025: China Stage 2,China,Stage,Bilibili Gaming,Trace Esports Vct 2025 China S,bilibili gaming,trace esports,1.58,2.4,0.603,bet_fav,1.0,False,False,False,False,False
2026-02-18 00:52:27,/506951/wolves-esports-vs-dragon-ranger-gaming-vct-2025-china-stage-2-w3,VCT 2025: China Stage 2,China,Stage,Wolves Esports,Dragon Ranger Gaming Vct 2025 ,wolves esports,dragon ranger gaming,1.8,2.02,0.529,skip,1.0,True,False,False,False,False
2026-02-18 00:52:27,/506952/xi-lai-gaming-vs-funplus-phoenix-vct-2025-china-stage-2-w3,VCT 2025: China Stage 2,China,Stage,Xi Lai Gaming,Funplus Phoenix Vct 2025 China,xi lai gaming,funplus phoenix,1.84,1.97,0.517,skip,1.0,True,False,False,False,False
2026-02-18 00:52:27,/506953/nova-esports-vs-xi-lai-gaming-vct-2025-china-stage-2-w4,VCT 2025: China Stage 2,China,Stage,Nova Esports,Xi Lai Gaming Vct 2025 China S,nova esports,xi lai gaming,1.22,4.34,0.781,skip,1.0,False,True,True,False,False
2026-02-18 00:52:27,/506954/edward-gaming-vs-jdg-esports-vct-2025-china-stage-2-w4,VCT 2025: China Stage 2,China,Stage,Edward Gaming,Jdg Esports Vct 2025 China Sta,edward gaming,jdg esports,1.22,4.34,0.781,skip,1.0,False,True,True,False,False
2026-02-18 00:52:27,/506955/all-gamers-vs-funplus-phoenix-vct-2025-china-stage-2-w4,VCT 2025: China Stage 2,China,Stage,All Gamers,Funplus Phoenix Vct 2025 China,all gamers,funplus phoenix,1.4,2.96,0.679,bet_fav,1.0,False,False,False,False,False
2026-02-18 00:52:27,/506956/trace-esports-vs-titan-esports-club-vct-2025-china-stage-2-w4,VCT 2025: China Stage 2,China,Stage,Trace Esports,Titan Esports Club Vct 2025 Ch,trace esports,titan esports club,1.27,3.8,0.75,skip,1.0,False,True,True,False,False
2026-02-18 00:52:27,/506957/nova-esports-vs-wolves-esports-vct-2025-china-stage-2-w4,VCT 2025: China Stage 2,China,Stage,Nova Esports,Wolves Esports Vct 2025 China ,nova esports,wolves esports,1.54,2.5,0.619,bet_fav,1.0,False,False,False,False,False
2026-02-18 00:52:27,/506958/dragon-ranger-gaming-vs-xi-lai-gaming-vct-2025-china-stage-2-w4,VCT 2025: China Stage 2,China,Stage,Dragon Ranger Gaming,Xi Lai Gaming Vct 2025 China S,dragon ranger gaming,xi lai gaming,1.37,3.1,0.694,bet_fav,1.0,False,False,False,False,False
2026-02-18 00:52:27,/506959/tyloo-vs-jdg-esports-vct-2025-china-stage-2-w4,VCT 2025: China Stage 2,China,Stage,Tyloo,Jdg Esports Vct 2025 China Sta,tyloo,jdg esports,1.56,2.45,0.611,bet_fav,1.0,False,False,False,False,False
2026-02-18 00:52:27,/506960/bilibili-gaming-vs-edward-gaming-vct-2025-china-stage-2-w4,VCT 2025: China Stage 2,China,Stage,Bilibili Gaming,Edward Gaming Vct 2025 China S,bilibili gaming,edward gaming,1.68,2.2,0.567,bet_fav,1.0,False,False,False,False,False
2026-02-18 00:52:27,/527577/all-gamers-vs-tyloo-vct-2025-china-stage-2-ubqf,VCT 2025: China Stage 2,China,Stage,All Gamers,Tyloo Vct 2025 China Stage 2 U,all gamers,tyloo,1.89,1.92,0.504,skip,1.0,True,False,False,True,False
2026-02-18 00:52:27,/527576/edward-gaming-vs-dragon-ranger-gaming-vct-2025-china-stage-2-ubqf,VCT 2025: China Stage 2,China,Stage,Edward Gaming,Dragon Ranger Gaming Vct 2025 ,edward gaming,dragon ranger gaming,1.55,2.48,0.615,bet_fav,1.0,False,False,False,False,False
2026-02-18 00:52:27,/527584/all-gamers-vs-funplus-phoenix-vct-2025-china-stage-2-lr1,VCT 2025: China Stage 2,China,Stage,All Gamers,Funplus Phoenix Vct 2025 China,all gamers,funplus phoenix,1.58,2.4,0.603,bet_fav,1.0,False,False,False,False,False
2026-02-18 00:52:27,/527583/edward-gaming-vs-trace-esports-vct-2025-china-stage-2-lr1,VCT 2025: China Stage 2,China,Stage,Edward Gaming,Trace Esports Vct 2025 China S,edward gaming,trace esports,1.58,2.4,0.603,bet_fav,1.0,False,False,False,False,False
2026-02-18 00:52:27,/527580/bilibili-gaming-vs-tyloo-vct-2025-china-stage-2-ubsf,VCT 2025: China Stage 2,China,Stage,Bilibili Gaming,Tyloo Vct 2025 China Stage 2 U,bilibili gaming,tyloo,1.29,3.64,0.738,skip,1.0,False,True,True,False,False
2026-02-18 00:52:27,/527579/xi-lai-gaming-vs-dragon-ranger-gaming-vct-2025-china-stage-2-ubsf,VCT 2025: China Stage 2,China,Stage,Xi Lai Gaming,Dragon Ranger Gaming Vct 2025 ,xi lai gaming,dragon ranger gaming,1.54,2.5,0.619,bet_fav,1.0,False,False,False,False,False
2026-02-18 00:52:27,/527585/tyloo-vs-edward-gaming-vct-2025-china-stage-2-lr2,VCT 2025: China Stage 2,China,Stage,Tyloo,Edward Gaming Vct 2025 China S,tyloo,edward gaming,1.23,4.22,0.774,skip,1.0,False,True,True,False,False
2026-02-18 00:52:27,/527586/xi-lai-gaming-vs-all-gamers-vct-2025-china-stage-2-lr2,VCT 2025: China Stage 2,China,Stage,Xi Lai Gaming,All Gamers Vct 2025 China Stag,xi lai gaming,all gamers,1.37,3.12,0.695,bet_fav,1.0,False,False,False,False,False
2026-02-18 00:52:27,/527581/dragon-ranger-gaming-vs-bilibili-gaming-vct-2025-china-stage-2-ubf,VCT 2025: China Stage 2,China,Stage,Dragon Ranger Gaming,Bilibili Gaming Vct 2025 China,dragon ranger gaming,bilibili gaming,1.56,2.45,0.611,bet_fav,1.0,False,False,False,False,False
2026-02-18 00:52:27,/527587/edward-gaming-vs-xi-lai-gaming-vct-2025-china-stage-2-lr3,VCT 2025: China Stage 2,China,Stage,Edward Gaming,Xi Lai Gaming Vct 2025 China S,edward gaming,xi lai gaming,1.73,2.12,0.551,bet_fav,1.0,False,False,False,False,False
2026-02-18 00:52:27,/527588/bilibili-gaming-vs-edward-gaming-vct-2025-china-stage-2-lbf,VCT 2025: China Stage 2,China,Stage,Bilibili Gaming,Edward Gaming Vct 2025 China S,bilibili gaming,edward gaming,1.74,2.1,0.547,skip,1.0,True,False,False,False,False
2026-02-18 00:52:27,/527582/dragon-ranger-gaming-vs-bilibili-gaming-vct-2025-china-stage-2-gf,VCT 2025: China Stage 2,China,Stage,Dragon Ranger Gaming,Bilibili Gaming Vct 2025 China,dragon ranger gaming,bilibili gaming,1.65,2.25,0.577,bet_fav,1.0,False,False,False,False,False
2026-02-18 00:52:27,/596399/envy-vs-evil-geniuses-vct-2026-americas-kickoff-ur1,VCT 2026: Americas Kickoff,Americas,Kickoff,Envy,Evil Geniuses Vct 2026 America,envy,evil geniuses,1.89,1.92,0.504,skip,1.0,True,False,False,True,False
2026-02-18 00:52:27,/596398/loud-vs-cloud9-vct-2026-americas-kickoff-ur1,VCT 2026: Americas Kickoff,Americas,Kickoff,Loud,Cloud9 Vct 2026 Americas Kicko,loud,cloud9,1.62,2.31,0.588,bet_fav,0.75,False,False,False,False,True
2026-02-18 00:52:27,/596400/kr-esports-vs-furia-vct-2026-americas-kickoff-ur1,VCT 2026: Americas Kickoff,Americas,Kickoff,Kr Esports,Furia Vct 2026 Americas Kickof,kr esports,furia,1.38,3.07,0.69,bet_fav,0.75,False,False,False,False,True
2026-02-18 00:52:27,/596401/100-thieves-vs-leviat-n-vct-2026-americas-kickoff-ur1,VCT 2026: Americas Kickoff,Americas,Kickoff,100 Thieves,Leviat N Vct 2026 Americas Kic,100 thieves,leviat n,1.72,2.13,0.553,bet_fav,0.75,False,False,False,False,True
2026-02-18 00:52:27,/596402/nrg-vs-cloud9-vct-2026-americas-kickoff-ur2,VCT 2026: Americas Kickoff,Americas,Kickoff,Nrg,Cloud9 Vct 2026 Americas Kicko,nrg,cloud9,1.32,3.42,0.722,skip,1.0,False,True,True,False,False
2026-02-18 00:52:27,/596403/mibr-vs-envy-vct-2026-americas-kickoff-ur2,VCT 2026: Americas Kickoff,Americas,Kickoff,Mibr,Envy Vct 2026 Americas Kickoff,mibr,envy,1.22,4.34,0.781,skip,1.0,False,True,True,False,False
2026-02-18 00:52:27,/596404/sentinels-vs-furia-vct-2026-americas-kickoff-ur2,VCT 2026: Americas Kickoff,Americas,Kickoff,Sentinels,Furia Vct 2026 Americas Kickof,sentinels,furia,1.31,3.5,0.728,skip,1.0,False,True,True,False,False
2026-02-18 00:52:27,/596405/g2-esports-vs-100-thieves-vct-2026-americas-kickoff-ur2,VCT 2026: Americas Kickoff,Americas,Kickoff,G2 Esports,100 Thieves Vct 2026 Americas ,g2 esports,100 thieves,1.32,3.42,0.722,skip,1.0,False,True,True,False,False
2026-02-18 00:52:27,/596409/loud-vs-100-thieves-vct-2026-americas-kickoff-mr1,VCT 2026: Americas Kickoff,Americas,Kickoff,Loud,100 Thieves Vct 2026 Americas ,loud,100 thieves,1.35,3.23,0.705,skip,1.0,False,True,False,False,False
2026-02-18 00:52:27,/596410/evil-geniuses-vs-sentinels-vct-2026-americas-kickoff-mr1,VCT 2026: Americas Kickoff,Americas,Kickoff,Evil Geniuses,Sentinels Vct 2026 Americas Ki,evil geniuses,sentinels,1.34,3.29,0.711,skip,1.0,False,True,True,False,False
2026-02-18 00:52:27,/596411/kr-esports-vs-envy-vct-2026-americas-kickoff-mr1,VCT 2026: Americas Kickoff,Americas,Kickoff,Kr Esports,Envy Vct 2026 Americas Kickoff,kr esports,envy,1.46,2.74,0.652,bet_fav,0.75,False,False,False,False,True
2026-02-18 00:52:27,/596412/leviat-n-vs-cloud9-vct-2026-americas-kickoff-mr1,VCT 2026: Americas Kickoff,Americas,Kickoff,Leviat N,Cloud9 Vct 2026 Americas Kicko,leviat n,cloud9,1.49,2.64,0.639,bet_fav,0.75,False,False,False,False,True
2026-02-18 00:52:27,/596413/100-thieves-vs-sentinels-vct-2026-americas-kickoff-mr2,VCT 2026: Americas Kickoff,Americas,Kickoff,100 Thieves,Sentinels Vct 2026 Americas Ki,100 thieves,sentinels,1.79,2.04,0.533,skip,1.0,True,False,False,False,False
2026-02-18 00:52:27,/596414/envy-vs-cloud9-vct-2026-americas-kickoff-mr2,VCT 2026: Americas Kickoff,Americas,Kickoff,Envy,Cloud9 Vct 2026 Americas Kicko,envy,cloud9,1.56,2.45,0.611,bet_fav,0.75,False,False,False,False,True
2026-02-18 00:52:27,/596406/nrg-vs-mibr-vct-2026-americas-kickoff-ur3,VCT 2026: Americas Kickoff,Americas,Kickoff,Nrg,Mibr Vct 2026 Americas Kickoff,nrg,mibr,1.8,2.02,0.529,skip,1.0,True,False,False,False,False
2026-02-18 00:52:27,/596407/furia-vs-g2-esports-vct-2026-americas-kickoff-ur3,VCT 2026: Americas Kickoff,Americas,Kickoff,Furia,G2 Esports Vct 2026 Americas K,furia,g2 esports,1.31,3.5,0.728,skip,1.0,False,True,True,False,False
2026-02-18 00:52:27,/596419/loud-vs-evil-geniuses-vct-2026-americas-kickoff-lr1,VCT 2026: Americas Kickoff,Americas,Kickoff,Loud,Evil Geniuses Vct 2026 America,loud,evil geniuses,1.78,2.05,0.535,skip,1.0,True,False,False,False,False
2026-02-18 00:52:27,/596415/nrg-vs-100-thieves-vct-2026-americas-kickoff-mr3,VCT 2026: Americas Kickoff,Americas,Kickoff,Nrg,100 Thieves Vct 2026 Americas ,nrg,100 thieves,1.45,2.78,0.657,bet_fav,0.75,False,False,False,False,True
2026-02-18 00:52:27,/596416/g2-esports-vs-cloud9-vct-2026-americas-kickoff-mr3,VCT 2026: Americas Kickoff,Americas,Kickoff,G2 Esports,Cloud9 Vct 2026 Americas Kicko,g2 esports,cloud9,1.45,2.78,0.657,bet_fav,0.75,False,False,False,False,True
2026-02-18 00:52:27,/596421/envy-vs-evil-geniuses-vct-2026-americas-kickoff-lr2,VCT 2026: Americas Kickoff,Americas,Kickoff,Envy,Evil Geniuses Vct 2026 America,envy,evil geniuses,1.86,1.95,0.512,skip,1.0,True,False,False,False,False
2026-02-18 00:52:27,/596423/100-thieves-vs-evil-geniuses-vct-2026-americas-kickoff-lr3,VCT 2026: Americas Kickoff,Americas,Kickoff,100 Thieves,Evil Geniuses Vct 2026 America,100 thieves,evil geniuses,1.38,3.07,0.69,bet_fav,0.75,False,False,False,False,True
2026-02-18 00:52:27,/596424/cloud9-vs-leviat-n-vct-2026-americas-kickoff-lr3,VCT 2026: Americas Kickoff,Americas,Kickoff,Cloud9,Leviat N Vct 2026 Americas Kic,cloud9,leviat n,1.86,1.95,0.512,skip,1.0,True,False,False,False,False
2026-02-18 00:52:27,/596417/nrg-vs-g2-esports-vct-2026-americas-kickoff-mr4,VCT 2026: Americas Kickoff,Americas,Kickoff,Nrg,G2 Esports Vct 2026 Americas K,nrg,g2 esports,1.62,2.31,0.588,bet_fav,0.75,False,False,False,False,True
2026-02-18 00:52:27,/596425/100-thieves-vs-cloud9-vct-2026-americas-kickoff-lr4,VCT 2026: Americas Kickoff,Americas,Kickoff,100 Thieves,Cloud9 Vct 2026 Americas Kicko,100 thieves,cloud9,1.68,2.2,0.567,bet_fav,0.75,False,False,False,False,True
2026-02-18 00:52:27,/596408/mibr-vs-furia-vct-2026-americas-kickoff-ubf,VCT 2026: Americas Kickoff,Americas,Kickoff,Mibr,Furia Vct 2026 Americas Kickof,mibr,furia,1.36,3.2,0.702,skip,1.0,False,True,False,False,False
2026-02-18 00:52:27,/596426/nrg-vs-100-thieves-vct-2026-americas-kickoff-lr5,VCT 2026: Americas Kickoff,Americas,Kickoff,Nrg,100 Thieves Vct 2026 Americas ,nrg,100 thieves,1.48,2.67,0.643,bet_fav,0.75,False,False,False,False,True
2026-02-18 00:52:27,/596418/mibr-vs-g2-esports-vct-2026-americas-kickoff-mbf,VCT 2026: Americas Kickoff,Americas,Kickoff,Mibr,G2 Esports Vct 2026 Americas K,mibr,g2 esports,1.62,2.31,0.588,bet_fav,0.75,False,False,False,False,True
2026-02-18 00:52:27,/596427/mibr-vs-nrg-vct-2026-americas-kickoff-lbf,VCT 2026: Americas Kickoff,Americas,Kickoff,Mibr,Nrg Vct 2026 Americas Kickoff ,mibr,nrg,1.53,2.52,0.622,bet_fav,0.75,False,False,False,False,True
2026-02-18 00:52:27,/598923/trace-esports-vs-wolves-esports-vct-2026-china-kickoff-ur1,VCT 2026: China Kickoff,China,Kickoff,Trace Esports,Wolves Esports Vct 2026 China ,trace esports,wolves esports,1.81,2.01,0.526,skip,1.0,True,False,False,False,False
2026-02-18 00:52:27,/598924/funplus-phoenix-vs-tyloo-vct-2026-china-kickoff-ur1,VCT 2026: China Kickoff,China,Kickoff,Funplus Phoenix,Tyloo Vct 2026 China Kickoff U,funplus phoenix,tyloo,1.48,2.68,0.644,bet_fav,0.75,False,False,False,False,True
2026-02-18 00:52:27,/598921/all-gamers-vs-nova-esports-vct-2026-china-kickoff-ur1,VCT 2026: China Kickoff,China,Kickoff,All Gamers,Nova Esports Vct 2026 China Ki,all gamers,nova esports,1.58,2.4,0.603,bet_fav,0.75,False,False,False,False,True
2026-02-18 00:52:27,/598922/jdg-esports-vs-titan-esports-club-vct-2026-china-kickoff-ur1,VCT 2026: China Kickoff,China,Kickoff,Jdg Esports,Titan Esports Club Vct 2026 Ch,jdg esports,titan esports club,1.45,2.78,0.657,bet_fav,0.75,False,False,False,False,True
2026-02-18 00:52:27,/598927/xi-lai-gaming-vs-wolves-esports-vct-2026-china-kickoff-ur2,VCT 2026: China Kickoff,China,Kickoff,Xi Lai Gaming,Wolves Esports Vct 2026 China ,xi lai gaming,wolves esports,1.58,2.4,0.603,bet_fav,0.75,False,False,False,False,True
2026-02-18 00:52:27,/598928/edward-gaming-vs-tyloo-vct-2026-china-kickoff-ur2,VCT 2026: China Kickoff,China,Kickoff,Edward Gaming,Tyloo Vct 2026 China Kickoff U,edward gaming,tyloo,1.38,3.07,0.69,bet_fav,0.75,False,False,False,False,True
2026-02-18 00:52:27,/598925/bilibili-gaming-vs-all-gamers-vct-2026-china-kickoff-ur2,VCT 2026: China Kickoff,China,Kickoff,Bilibili Gaming,All Gamers Vct 2026 China Kick,bilibili gaming,all gamers,1.45,2.76,0.656,bet_fav,0.75,False,False,False,False,True
2026-02-18 00:52:27,/598926/dragon-ranger-gaming-vs-jdg-esports-vct-2026-china-kickoff-ur2,VCT 2026: China Kickoff,China,Kickoff,Dragon Ranger Gaming,Jdg Esports Vct 2026 China Kic,dragon ranger gaming,jdg esports,1.52,2.55,0.627,bet_fav,0.75,False,False,False,False,True
2026-02-18 00:52:27,/598932/nova-esports-vs-tyloo-vct-2026-china-kickoff-mr1,VCT 2026: China Kickoff,China,Kickoff,Nova Esports,Tyloo Vct 2026 China Kickoff M,nova esports,tyloo,1.5,2.61,0.635,bet_fav,0.75,False,False,False,False,True
2026-02-18 00:52:27,/598933/titan-esports-club-vs-wolves-esports-vct-2026-china-kickoff-mr1,VCT 2026: China Kickoff,China,Kickoff,Titan Esports Club,Wolves Esports Vct 2026 China ,titan esports club,wolves esports,1.54,2.5,0.619,bet_fav,0.75,False,False,False,False,True
2026-02-18 00:52:27,/598934/trace-esports-vs-jdg-esports-vct-2026-china-kickoff-mr1,VCT 2026: China Kickoff,China,Kickoff,Trace Esports,Jdg Esports Vct 2026 China Kic,trace esports,jdg esports,1.78,2.05,0.535,skip,1.0,True,False,False,False,False
2026-02-18 00:52:27,/598935/funplus-phoenix-vs-bilibili-gaming-vct-2026-china-kickoff-mr1,VCT 2026: China Kickoff,China,Kickoff,Funplus Phoenix,Bilibili Gaming Vct 2026 China,funplus phoenix,bilibili gaming,1.53,2.52,0.622,bet_fav,0.75,False,False,False,False,True
2026-02-18 00:52:27,/598936/tyloo-vs-titan-esports-club-vct-2026-china-kickoff-mr2,VCT 2026: China Kickoff,China,Kickoff,Tyloo,Titan Esports Club Vct 2026 Ch,tyloo,titan esports club,1.37,3.12,0.695,bet_fav,0.75,False,False,False,False,True
2026-02-18 00:52:27,/598937/trace-esports-vs-bilibili-gaming-vct-2026-china-kickoff-mr2,VCT 2026: China Kickoff,China,Kickoff,Trace Esports,Bilibili Gaming Vct 2026 China,trace esports,bilibili gaming,1.46,2.74,0.652,bet_fav,0.75,False,False,False,False,True
2026-02-18 00:52:27,/598942/nova-esports-vs-wolves-esports-vct-2026-china-kickoff-lr1,VCT 2026: China Kickoff,China,Kickoff,Nova Esports,Wolves Esports Vct 2026 China ,nova esports,wolves esports,1.54,2.5,0.619,bet_fav,0.75,False,False,False,False,True
2026-02-18 00:52:27,/598929/all-gamers-vs-dragon-ranger-gaming-vct-2026-china-kickoff-ur3,VCT 2026: China Kickoff,China,Kickoff,All Gamers,Dragon Ranger Gaming Vct 2026 ,all gamers,dragon ranger gaming,1.75,2.09,0.544,skip,1.0,True,False,False,False,False
2026-02-18 00:52:27,/598943/jdg-esports-vs-funplus-phoenix-vct-2026-china-kickoff-lr1,VCT 2026: China Kickoff,China,Kickoff,Jdg Esports,Funplus Phoenix Vct 2026 China,jdg esports,funplus phoenix,1.72,2.13,0.553,bet_fav,0.75,False,False,False,False,True
2026-02-18 00:52:27,/598930/xi-lai-gaming-vs-edward-gaming-vct-2026-china-kickoff-ur3,VCT 2026: China Kickoff,China,Kickoff,Xi Lai Gaming,Edward Gaming Vct 2026 China K,xi lai gaming,edward gaming,1.63,2.3,0.585,bet_fav,0.75,False,False,False,False,True
2026-02-18 00:52:27,/598944/trace-esports-vs-wolves-esports-vct-2026-china-kickoff-lr2,VCT 2026: China Kickoff,China,Kickoff,Trace Esports,Wolves Esports Vct 2026 China ,trace esports,wolves esports,1.79,2.04,0.533,skip,1.0,True,False,False,False,False
2026-02-18 00:52:27,/598938/dragon-ranger-gaming-vs-tyloo-vct-2026-china-kickoff-mr3,VCT 2026: China Kickoff,China,Kickoff,Dragon Ranger Gaming,Tyloo Vct 2026 China Kickoff M,dragon ranger gaming,tyloo,1.58,2.4,0.603,bet_fav,0.75,False,False,False,False,True
2026-02-18 00:52:27,/598945/titan-esports-club-vs-jdg-esports-vct-2026-china-kickoff-lr2,VCT 2026: China Kickoff,China,Kickoff,Titan Esports Club,Jdg Esports Vct 2026 China Kic,titan esports club,jdg esports,1.4,2.98,0.68,bet_fav,0.75,False,False,False,False,True
2026-02-18 00:52:27,/598939/edward-gaming-vs-bilibili-gaming-vct-2026-china-kickoff-mr3,VCT 2026: China Kickoff,China,Kickoff,Edward Gaming,Bilibili Gaming Vct 2026 China,edward gaming,bilibili gaming,1.66,2.24,0.574,bet_fav,0.75,False,False,False,False,True
2026-02-18 00:52:27,/598946/tyloo-vs-trace-esports-vct-2026-china-kickoff-lr3,VCT 2026: China Kickoff,China,Kickoff,Tyloo,Trace Esports Vct 2026 China K,tyloo,trace esports,1.86,1.95,0.512,skip,1.0,True,False,False,False,False
2026-02-18 00:52:27,/598947/edward-gaming-vs-jdg-esports-vct-2026-china-kickoff-lr3,VCT 2026: China Kickoff,China,Kickoff,Edward Gaming,Jdg Esports Vct 2026 China Kic,edward gaming,jdg esports,1.35,3.23,0.705,skip,1.0,False,True,False,False,False
2026-02-18 00:52:27,/598940/dragon-ranger-gaming-vs-bilibili-gaming-vct-2026-china-kickoff-mr4,VCT 2026: China Kickoff,China,Kickoff,Dragon Ranger Gaming,Bilibili Gaming Vct 2026 China,dragon ranger gaming,bilibili gaming,1.63,2.29,0.584,bet_fav,0.75,False,False,False,False,True
2026-02-18 00:52:27,/598948/tyloo-vs-edward-gaming-vct-2026-china-kickoff-lr4,VCT 2026: China Kickoff,China,Kickoff,Tyloo,Edward Gaming Vct 2026 China K,tyloo,edward gaming,1.51,2.58,0.631,bet_fav,0.75,False,False,False,False,True
2026-02-18 00:52:27,/598949/dragon-ranger-gaming-vs-edward-gaming-vct-2026-china-kickoff-lr5,VCT 2026: China Kickoff,China,Kickoff,Dragon Ranger Gaming,Edward Gaming Vct 2026 China K,dragon ranger gaming,edward gaming,1.44,2.81,0.661,bet_fav,0.75,False,False,False,False,True
2026-02-18 00:52:27,/598931/all-gamers-vs-xi-lai-gaming-vct-2026-china-kickoff-ubf,VCT 2026: China Kickoff,China,Kickoff,All Gamers,Xi Lai Gaming Vct 2026 China K,all gamers,xi lai gaming,1.33,3.34,0.715,skip,1.0,False,True,True,False,False
2026-02-18 00:52:27,/598941/xi-lai-gaming-vs-bilibili-gaming-vct-2026-china-kickoff-mbf,VCT 2026: China Kickoff,China,Kickoff,Xi Lai Gaming,Bilibili Gaming Vct 2026 China,xi lai gaming,bilibili gaming,1.63,2.29,0.584,bet_fav,0.75,False,False,False,False,True
2026-02-18 00:52:27,/598950/bilibili-gaming-vs-edward-gaming-vct-2026-china-kickoff-lbf,VCT 2026: China Kickoff,China,Kickoff,Bilibili Gaming,Edward Gaming Vct 2026 China K,bilibili gaming,edward gaming,1.7,2.17,0.561,bet_fav,0.75,False,False,False,False,True
